Workbook

Sheet Read Me
A1: StructuralGuard Blind Test Workbook
A3: Scenario | B3: Project budget portfolio
A4: Random seed | B4: 33061
A5: Generated rows | B5: 160
A6: Purpose | B6: Blind structural-formula anomaly evaluation
A7: Answer location | B7: Stored outside this workbook
A8: Safety | B8: Do not overwrite this source workbook during analysis

Sheet Rates
A1: Assumptions
A2: Parameter | B2: Value
A3: Contingency rate | B3: 0.08
A4: Overhead rate | B4: 0.12

Sheet Projects
A1: Project Budget Portfolio
A2: Project | B2: Department | C2: Labor | D2: Materials | E2: Travel | F2: Subtotal | G2: Contingency | H2: Overhead | I2: Approved Budget | J2: Total Cost | K2: Variance
A3: PRJ-001 | B3: Technology | C3: 64785.84 | D3: 22618.96 | E3: 5173.16 | F3: =SUM(C3:E3) | G3: =F3*'Rates'!$B$3 | H3: =F3*'Rates'!$B$4 | I3: 115981 | J3: =SUM(F3:H3) | K3: =I3-J3
A4: PRJ-002 | B4: Operations | C4: 34622.39 | D4: 2509.05 | E4: 6601.06 | F4: =SUM(C4:E4) | G4: =F4*'Rates'!$B$3 | H4: =F4*'Rates'!$B$4 | I4: 52369 | J4: =SUM(F4:H4) | K4: =I4-J4
A5: PRJ-003 | B5: Marketing | C5: 62560.28 | D5: 13617.03 | E5: 9587.97 | F5: =SUM(C5:E5) | G5: =F5*'Rates'!$B$3 | H5: =F5*'Rates'!$B$4 | I5: 103569 | J5: =SUM(F5:H5) | K5: =I5-J5
A6: PRJ-004 | B6: Marketing | C6: 40775.21 | D6: 18304.46 | E6: 1930.39 | F6: =SUM(C6:E6) | G6: =F6*'Rates'!$B$3 | H6: =F6*'Rates'!$B$4 | I6: 74700 | J6: =SUM(F6:H6) | K6: =I6-J6
A7: PRJ-005 | B7: Operations | C7: 48724.02 | D7: 37312.53 | E7: 7476.34 | F7: =SUM(C7:E7) | G7: =F7*'Rates'!$B$3 | H7: =F7*'Rates'!$B$4 | I7: 119361 | J7: =SUM(F7:H7) | K7: =I7-J7
A8: PRJ-006 | B8: Marketing | C8: 68593.88 | D8: 16718.73 | E8: 1277.41 | F8: =SUM(C8:E8) | G8: =F8*'Rates'!$B$3 | H8: =F8*'Rates'!$B$4 | I8: 105237 | J8: =SUM(F8:H8) | K8: =I8-J8
A9: PRJ-007 | B9: Operations | C9: 47014.53 | D9: 18150.28 | E9: 3913.85 | F9: =SUM(C9:E9) | G9: =F9*'Rates'!$B$3 | H9: =F9*'Rates'!$B$4 | I9: 86838 | J9: =SUM(F9:H9) | K9: =I9-J9
A10: PRJ-008 | B10: Technology | C10: 27074.39 | D10: 4237.25 | E10: 7923.1 | F10: =SUM(C10:E10) | G10: =F10*'Rates'!$B$3 | H10: =F10*'Rates'!$B$4 | I10: 50196 | J10: =SUM(F10:H10) | K10: =I10-J10
A11: PRJ-009 | B11: Technology | C11: 54308.67 | D11: 33520.46 | E11: 2886.85 | F11: =SUM(C11:E11) | G11: =F11*'Rates'!$B$3 | H11: =F11*'Rates'!$B$4 | I11: 117814 | J11: =SUM(F11:H11) | K11: =I11-J11
A12: PRJ-010 | B12: Research | C12: 49522.12 | D12: 36822.24 | E12: 4233.36 | F12: =SUM(C12:E12) | G12: =F12*'Rates'!$B$3 | H12: =F12*'Rates'!$B$4 | I12: 111016 | J12: =SUM(F12:H12) | K12: =I12-J12
A13: PRJ-011 | B13: Research | C13: 56023.16 | D13: 5716.5 | E13: 1532.93 | F13: =SUM(C13:E13) | G13: =F13*'Rates'!$B$3 | H13: =F13*'Rates'!$B$4 | I13: 82238 | J13: =SUM(F13:H13) | K13: =I13-J13
A14: PRJ-012 | B14: Research | C14: 17605.96 | D14: 2437.88 | E14: 3748.01 | F14: =SUM(C14:E14) | G14: =F14*'Rates'!$B$3 | H14: =F14*'Rates'!$B$4 | I14: 28106 | J14: =SUM(F14:H14) | K14: =I14-J14
... A33: PRJ-031 | B33: Operations | C33: 63809.65 | D33: 2731.01 | E33: 1265.48 | F33: =SUM(C33:E33) | G33: =F33*'Rates'!$B$3 | H33: =F33*'Rates'!$B$4 | I33: 80317 | J33: =SUM(F33:H33) | K33: =I33-J33
A34: PRJ-032 | B34: Operations | C34: 5594.34 | D34: 14942.73 | E34: 3034.82 | F34: =SUM(C34:D34) | G34: =F34*'Rates'!$B$3 | H34: =F34*'Rates'!$B$4 | I34: 29816 | J34: =SUM(F34:H34) | K34: =I34-J34
A35: PRJ-033 | B35: Operations | C35: 38800.83 | D35: 23928.3 | E35: 7907.38 | F35: =SUM(C35:E35) | G35: =F35*'Rates'!$B$3 | H35: =F35*'Rates'!$B$4 | I35: 89790 | J35: =SUM(F35:H35) | K35: =I35-J35
A36: PRJ-034 | B36: Marketing | C36: 34261.88 | D36: 37473.2 | E36: 4186.76 | F36: =SUM(C36:E36) | G36: =F36*'Rates'!$B$3 | H36: =F36*'Rates'!$B$4 | I36: 95677 | J36: =SUM(F36:H36) | K36: =I36-J36
A37: PRJ-035 | B37: Technology | C37: 10108.15 | D37: 14220.81 | E37: 613.93 | F37: =SUM(C37:E37) | G37: =F37*'Rates'!$B$3 | H37: =F37*'Rates'!$B$4 | I37: 30458 | J37: =SUM(F37:H37) | K37: =I37-J37
A38: PRJ-036 | B38: Marketing | C38: 13006.58 | D38: 2860.23 | E38: 2289.96 | F38: =SUM(C38:E38) | G38: =F38*'Rates'!$B$3 | H38: =F38*'Rates'!$B$4 | I38: 21483 | J38: =SUM(F38:H38) | K38: =I38-J38
A39: PRJ-037 | B39: Technology | C39: 64828.75 | D39: 16997.83 | E39: 6514.05 | F39: =SUM(C39:E39) | G39: =F39*'Rates'!$B$3 | H39: =F39*'Rates'!$B$4 | I39: 109956 | J39: =SUM(F39:H39) | K39: =I39-J39
A40: PRJ-038 | B40: Operations | C40: 23050.02 | D40: 14822.97 | E40: 9081.11 | F40: =SUM(C40:E40) | G40: =F40*'Rates'!$B$3 | H40: =F40*'Rates'!$B$4 | I40: 60306 | J40: =SUM(F40:H40) | K40: =I40-J40
A41: PRJ-039 | B41: Marketing | C41: 46805.95 | D41: 20085.54 | E41: 5319.38 | F41: =SUM(C41:E41) | G41: =F41*'Rates'!$B$3 | H41: =F41*'Rates'!$B$4 | I41: 93186 | J41: =SUM(F41:H41) | K41: =I41-J41
A42: PRJ-040 | B42: Operations | C42: 23303.98 | D42: 13387.3 | E42: 5618.45 | F42: =SUM(C42:E42) | G42: =F42*'Rates'!$B$3 | H42: =F42*'Rates'!$B$4 | I42: 52533 | J42: =SUM(F42:H42) | K42: =I42-J42
A43: PRJ-041 | B43: Operations | C43: 42360.66 | D43: 35314.88 | E43: 4311.06 | F43: =SUM(C43:E43) | G43: =F43*'Rates'!$B$3 | H43: =F43*'Rates'!$B$4 | I43: 100004 | J43: =SUM(F43:H43) | K43: =I43-J43
A44: PRJ-042 | B44: Marketing | C44: 18781.54 | D44: 3924.31 | E44: 3113.43 | F44: =SUM(C44:E44) | G44: =F44*'Rates'!$B$3 | H44: =F44*'Rates'!$B$4 | I44: 31843 | J44: =SUM(F44:H44) | K44: =I44-J44
A45: PRJ-043 | B45: Research | C45: 48460.54 | D45: 15973.35 | E45: 5508.7 | F45: =SUM(C45:E45) | G45: =F45*'Rates'!$B$3 | H45: =F45*'Rates'!$B$4 | I45: 83828 | J45: =SUM(F45:H45) | K45: =I45-J45
A46: PRJ-044 | B46: Research | C46: 26605.09 | D46: 25813.11 | E46: 3313.54 | F46: =SUM(C46:E46) | G46: =F46*'Rates'!$B$3 | H46: =F46*'Rates'!$B$4 | I46: 66873 | J46: =SUM(F46:H46) | K46: =I46-J46
... A72: PRJ-070 | B72: Marketing | C72: 40624.25 | D72: 26774.39 | E72: 1914.15 | F72: =SUM(C72:E72) | G72: =F72*'Rates'!$B$3 | H72: =F72*'Rates'!$B$4 | I72: 82910 | J72: =SUM(F72:H72) | K72: =I72-J72
A73: PRJ-071 | B73: Operations | C73: 13648.25 | D73: 10818.2 | E73: 5889.23 | F73: =SUM(C73:E73) | G73: =F73*'Rates'!$B$3 | H73: =F73*'Rates'!$B$4 | I73: 38557 | J73: =F73+G73 | K73: =I73-J73
A74: PRJ-072 | B74: Marketing | C74: 58112.02 | D74: 30140.21 | E74: 2997.4 | F74: =SUM(C74:E74) | G74: =F74*'Rates'!$B$3 | H74: =F74*'Rates'!$B$4 | I74: 117045 | J74: =SUM(F74:H74) | K74: =I74-J74
A75: PRJ-073 | B75: Research | C75: 48384.34 | D75: 8304.41 | E75: 3003.1 | F75: =SUM(C75:E75) | G75: =F75*'Rates'!$B$3 | H75: =F75*'Rates'!$B$4 | I75: 75355 | J75: =SUM(F75:H75) | K75: =I75-J75
A76: PRJ-074 | B76: Operations | C76: 21520.98 | D76: 35041.49 | E76: 6498.7 | F76: =SUM(C76:E76) | G76: =F76*'Rates'!$B$3 | H76: =F76*'Rates'!$B$4 | I76: 77966 | J76: =SUM(F76:H76) | K76: =I76-J76
A77: PRJ-075 | B77: Operations | C77: 9971.29 | D77: 1917.05 | E77: 3783.56 | F77: =SUM(C77:E77) | G77: =F77*'Rates'!$B$3 | H77: =F77*'Rates'!$B$4 | I77: 20148 | J77: =SUM(F77:H77) | K77: =I77-J77
A78: PRJ-076 | B78: Operations | C78: 68670.24 | D78: 35305.83 | E78: 6538.84 | F78: =SUM(C78:E78) | G78: =F78*'Rates'!$B$3 | H78: =F78*'Rates'!$B$4 | I78: 134959 | J78: =SUM(F78:H78) | K78: =I78-J78
A79: PRJ-077 | B79: Operations | C79: 46657.14 | D79: 24066.57 | E79: 8429.91 | F79: =SUM(C79:E79) | G79: =F79*'Rates'!$B$3 | H79: =F79*'Rates'!$B$4 | I79: 95113 | J79: =SUM(F79:H79) | K79: =I79-J79
A80: PRJ-078 | B80: Marketing | C80: 21679.1 | D80: 2100.16 | E80: 8004.78 | F80: =SUM(C80:E80) | G80: =F80*'Rates'!$B$3 | H80: =F80*'Rates'!$B$4 | I80: 40732 | J80: =SUM(F80:H80) | K80: =I80-J80
A81: PRJ-079 | B81: Operations | C81: 27865.57 | D81: 29940.76 | E81: 4076.36 | F81: =SUM(C81:E81) | G81: =F81*'Rates'!$B$3 | H81: =F81*'Rates'!$B$4 | I81: 76600 | J81: =SUM(F81:H81) | K81: =I81-J81
A82: PRJ-080 | B82: Technology | C82: 53534.01 | D82: 36092.76 | E82: 1133.27 | F82: =SUM(C82:E82) | G82: =F82*'Rates'!$B$3 | H82: =F82*'Rates'!$B$4 | I82: 110249 | J82: =SUM(F82:H82) | K82: =I82-J82
A83: PRJ-081 | B83: Technology | C83: 44389.38 | D83: 27816.75 | E83: 1430.43 | F83: =SUM(C83:E83) | G83: =F83*'Rates'!$B$3 | H83: =F83*'Rates'!$B$4 | I83: 93475 | J83: =SUM(F83:H83) | K83: =I83-J83
A84: PRJ-082 | B84: Operations | C84: 8470 | D84: 19628.62 | E84: 9403.34 | F84: =SUM(C84:E84) | G84: =F84*'Rates'!$B$3 | H84: =F84*'Rates'!$B$4 | I84: 46949 | J84: =SUM(F84:H84) | K84: =I84-J84
A85: PRJ-083 | B85: Marketing | C85: 21241.59 | D85: 36100.44 | E85: 3674.38 | F85: =SUM(C85:E85) | G85: =F85*'Rates'!$B$3 | H85: =F85*'Rates'!$B$4 | I85: 73565 | J85: =SUM(F85:H85) | K85: =I85-J85
... A87: PRJ-085 | B87: Technology | C87: 35201.75 | D87: 9246.05 | E87: 3363.49 | F87: =SUM(C87:E87) | G87: =F87*'Rates'!$B$3 | H87: =F87*'Rates'!$B$4 | I87: 57821 | J87: =SUM(F87:H87) | K87: =I87-J87
A88: PRJ-086 | B88: Research | C88: 39340.96 | D88: 6226.79 | E88: 9005.89 | F88: =SUM(C88:E88) | G88: =F88*'Rates'!$B$4 | H88: =F88*'Rates'!$B$4 | I88: 66564 | J88: =SUM(F88:H88) | K88: =I88-J88
A89: PRJ-087 | B89: Technology | C89: 21942.55 | D89: 30989.58 | E89: 7373.02 | F89: =SUM(C89:E89) | G89: =F89*'Rates'!$B$3 | H89: =F89*'Rates'!$B$4 | I89: 72736 | J89: =SUM(F89:H89) | K89: =I89-J89
A90: PRJ-088 | B90: Research | C90: 63546.57 | D90: 16976.84 | E90: 7475.32 | F90: =SUM(C90:E90) | G90: =F90*'Rates'!$B$3 | H90: =F90*'Rates'!$B$4 | I90: 109115 | J90: =SUM(F90:H90) | K90: =I90-J90
A91: PRJ-089 | B91: Technology | C91: 68959.5 | D91: 37283.84 | E91: 9888.18 | F91: =SUM(C91:E91) | G91: =F91*'Rates'!$B$3 | H91: =F91*'Rates'!$B$4 | I91: 140936 | J91: =SUM(F91:H91) | K91: =I91-J91
A92: PRJ-090 | B92: Marketing | C92: 43962.02 | D92: 10709.41 | E92: 929.3 | F92: =SUM(C92:E92) | G92: =F92*'Rates'!$B$3 | H92: =F92*'Rates'!$B$4 | I92: 67850 | J92: =SUM(F92:H92) | K92: =I92-J92
A93: PRJ-091 | B93: Operations | C93: 38028.89 | D93: 39405.66 | E93: 5391.52 | F93: =SUM(C93:E93) | G93: =F93*'Rates'!$B$3 | H93: =F93*'Rates'!$B$4 | I93: 101127 | J93: =SUM(F93:H93) | K93: =I93-J93
A94: PRJ-092 | B94: Marketing | C94: 35154.6 | D94: 29568.93 | E94: 29.1 | F94: =SUM(C94:E94) | G94: =F94*'Rates'!$B$3 | H94: =F94*'Rates'!$B$4 | I94: 76928 | J94: =SUM(F94:H94) | K94: =I94-J94
A95: PRJ-093 | B95: Research | C95: 39950 | D95: 22623.97 | E95: 2110.57 | F95: =SUM(C95:E95) | G95: =F95*'Rates'!$B$3 | H95: =F95*'Rates'!$B$4 | I95: 80833 | J95: =SUM(F95:H95) | K95: =I95-J95
A96: PRJ-094 | B96: Operations | C96: 36869.32 | D96: 3308.07 | E96: 5994.34 | F96: =SUM(C96:E96) | G96: =F96*'Rates'!$B$3 | H96: =F96*'Rates'!$B$4 | I96: 58213 | J96: =SUM(F96:H96) | K96: =I96-J96
A97: PRJ-095 | B97: Marketing | C97: 12319 | D97: 35577.76 | E97: 4058.49 | F97: =SUM(C97:E97) | G97: =F97*'Rates'!$B$3 | H97: =F97*'Rates'!$B$4 | I97: 64368 | J97: =SUM(F97:H97) | K97: =I97-J97
A98: PRJ-096 | B98: Research | C98: 43477.44 | D98: 5854.9 | E98: 8494.54 | F98: =SUM(C98:E98) | G98: =F98*'Rates'!$B$3 | H98: =F98*'Rates'!$B$4 | I98: 73455 | J98: =SUM(F98:H98) | K98: =I98-J98
A99: PRJ-097 | B99: Marketing | C99: 27268.98 | D99: 21432.32 | E99: 8023.69 | F99: =SUM(C99:E99) | G99: =F99*'Rates'!$B$3 | H99: =F99*'Rates'!$B$4 | I99: 68448 | J99: =SUM(F99:H99) | K99: =I99-J99
A100: PRJ-098 | B100: Research | C100: 21689.19 | D100: 13526.76 | E100: 5533.71 | F100: =SUM(C100:E100) | G100: =F100*'Rates'!$B$3 | H100: =F100*'Rates'!$B$4 | I100: 48783 | J100: =SUM(F100:H100) | K100: =I100-J100
... A119: PRJ-117 | B119: Technology | C119: 9710.7 | D119: 18484.33 | E119: 8992.21 | F119: =SUM(C119:E119) | G119: =F119*'Rates'!$B$3 | H119: =F119*'Rates'!$B$4 | I119: 47952 | J119: =SUM(F119:H119) | K119: =I119-J119
A120: PRJ-118 | B120: Operations | C120: 35641.91 | D120: 20604.18 | E120: 6445.54 | F120: =SUM(C120:E120) | G120: =F120*'Rates'!$B$3 | H120: =F120*'Rates'!$B$3 | I120: 77329 | J120: =SUM(F120:H120) | K120: =I120-J120
A121: PRJ-119 | B121: Marketing | C121: 5510.19 | D121: 35452.86 | E121: 4418.61 | F121: =SUM(C121:E121) | G121: =F121*'Rates'!$B$3 | H121: =F121*'Rates'!$B$4 | I121: 57698 | J121: =SUM(F121:H121) | K121: =I121-J121
A122: PRJ-120 | B122: Research | C122: 26987.41 | D122: 25620.89 | E122: 9991.95 | F122: =SUM(C122:E122) | G122: =F122*'Rates'!$B$3 | H122: =F122*'Rates'!$B$4 | I122: 77234 | J122: =SUM(F122:H122) | K122: =I122-J122
A123: PRJ-121 | B123: Marketing | C123: 46977.44 | D123: 30428.72 | E123: 4427.48 | F123: =SUM(C123:E123) | G123: =F123*'Rates'!$B$3 | H123: =F123*'Rates'!$B$4 | I123: 100531 | J123: =SUM(F123:H123) | K123: =I123-J123
A124: PRJ-122 | B124: Operations | C124: 18310.87 | D124: 8269.7 | E124: 3939.85 | F124: =SUM(C124:E124) | G124: =F124*'Rates'!$B$3 | H124: =F124*'Rates'!$B$4 | I124: 36614 | J124: =SUM(F124:H124) | K124: =I124-J124
A125: PRJ-123 | B125: Marketing | C125: 19196.44 | D125: 9756.37 | E125: 8583.23 | F125: =SUM(C125:E125) | G125: =F125*'Rates'!$B$3 | H125: =F125*'Rates'!$B$4 | I125: 45836 | J125: =SUM(F125:H125) | K125: =I125-J125
A126: PRJ-124 | B126: Operations | C126: 12851.05 | D126: 34464.82 | E126: 8714.24 | F126: =SUM(C126:E126) | G126: =F126*'Rates'!$B$3 | H126: =F126*'Rates'!$B$4 | I126: 67208 | J126: =SUM(F126:H126) | K126: =I126-J126
A127: PRJ-125 | B127: Technology | C127: 53457.54 | D127: 35816.81 | E127: 5086.17 | F127: =SUM(C127:E127) | G127: =F127*'Rates'!$B$3 | H127: =F127*'Rates'!$B$4 | I127: 111397 | J127: =SUM(F127:H127) | K127: =I127-J127
A128: PRJ-126 | B128: Operations | C128: 62499.37 | D128: 31477.75 | E128: 8894.39 | F128: =SUM(C128:E128) | G128: =F128*'Rates'!$B$3 | H128: =F128*'Rates'!$B$4 | I128: 129511 | J128: =SUM(F128:H128) | K128: =I128-J128
A129: PRJ-127 | B129: Research | C129: 29335.86 | D129: 8122.2 | E129: 7766.41 | F129: =SUM(C129:E129) | G129: =F129*'Rates'!$B$3 | H129: =F129*'Rates'!$B$4 | I129: 54018 | J129: =SUM(F129:H129) | K129: =I129-J129
A130: PRJ-128 | B130: Operations | C130: 27860.83 | D130: 21969.81 | E130: 8409.69 | F130: =SUM(C130:E130) | G130: =F130*'Rates'!$B$3 | H130: =F130*'Rates'!$B$4 | I130: 72239 | J130: =SUM(F130:H130) | K130: =I130-J130
A131: PRJ-129 | B131: Operations | C131: 21593.88 | D131: 11288.32 | E131: 9881.81 | F131: =SUM(C131:E131) | G131: =F131*'Rates'!$B$3 | H131: =F131*'Rates'!$B$4 | I131: 54861 | J131: =SUM(F131:H131) | K131: =I131-J131
A132: PRJ-130 | B132: Research | C132: 69231.15 | D132: 25173.5 | E132: 7880.15 | F132: =SUM(C132:E132) | G132: =F132*'Rates'!$B$3 | H132: =F132*'Rates'!$B$4 | I132: 131874 | J132: =SUM(F132:H132) | K132: =I132-J132
... A144: PRJ-142 | B144: Operations | C144: 63533.44 | D144: 6566.27 | E144: 5443.02 | F144: =SUM(C144:E144) | G144: =F144*'Rates'!$B$3 | H144: =F144*'Rates'!$B$4 | I144: 91363 | J144: =SUM(F144:H144) | K144: =I144-J144
A145: PRJ-143 | B145: Technology | C145: 37390.62 | D145: 29215.36 | E145: 7153.09 | F145: =SUM(C145:E145) | G145: =F145*'Rates'!$B$3 | H145: =F145*'Rates'!$B$4 | I145: 90382 | J145: =SUM(F145:H145) | K145: =I145+J145
A146: PRJ-144 | B146: Operations | C146: 25554.74 | D146: 32812.68 | E146: 5124.86 | F146: =SUM(C146:E146) | G146: =F146*'Rates'!$B$3 | H146: =F146*'Rates'!$B$4 | I146: 80485 | J146: =SUM(F146:H146) | K146: =I146-J146
A147: PRJ-145 | B147: Technology | C147: 49086.05 | D147: 31745.38 | E147: 8153.7 | F147: =SUM(C147:E147) | G147: =F147*'Rates'!$B$3 | H147: =F147*'Rates'!$B$4 | I147: 114975 | J147: =SUM(F147:H147) | K147: =I147-J147
A148: PRJ-146 | B148: Research | C148: 33968.94 | D148: 1983.38 | E148: 3073.4 | F148: =SUM(C148:E148) | G148: =F148*'Rates'!$B$3 | H148: =F148*'Rates'!$B$4 | I148: 48954 | J148: =SUM(F148:H148) | K148: =I148-J148
A149: PRJ-147 | B149: Research | C149: 28822.26 | D149: 17260.68 | E149: 2674.5 | F149: =SUM(C149:E149) | G149: =F149*'Rates'!$B$3 | H149: =F149*'Rates'!$B$4 | I149: 61799 | J149: =SUM(F149:H149) | K149: =I149-J149
A150: PRJ-148 | B150: Marketing | C150: 50531.9 | D150: 29430.89 | E150: 5678.06 | F150: =SUM(C150:E150) | G150: =F150*'Rates'!$B$3 | H150: =F150*'Rates'!$B$4 | I150: 107013 | J150: =SUM(F150:H150) | K150: =I150-J150
A151: PRJ-149 | B151: Operations | C151: 59646.34 | D151: 31553.84 | E151: 9085.49 | F151: =SUM(C151:E151) | G151: =F151*'Rates'!$B$3 | H151: =F151*'Rates'!$B$4 | I151: 123689 | J151: =SUM(F151:H151) | K151: =I151-J151
A152: PRJ-150 | B152: Technology | C152: 17588.93 | D152: 17020.28 | E152: 9883.57 | F152: =SUM(C152:E152) | G152: =F152*'Rates'!$B$3 | H152: =F152*'Rates'!$B$4 | I152: 53908 | J152: =SUM(F152:H152) | K152: =I152-J152
A153: PRJ-151 | B153: Technology | C153: 52798.52 | D153: 3920.73 | E153: 2072.98 | F153: =SUM(C153:E153) | G153: =F153*'Rates'!$B$3 | H153: =F153*'Rates'!$B$4 | I153: 69437 | J153: =SUM(F153:H153) | K153: =I153-J153
A154: PRJ-152 | B154: Technology | C154: 35005.72 | D154: 20825.32 | E154: 3825.44 | F154: =SUM(C154:E154) | G154: =F154*'Rates'!$B$3 | H154: =F154*'Rates'!$B$4 | I154: 77470 | J154: =SUM(F154:H154) | K154: =I154-J154
A155: PRJ-153 | B155: Research | C155: 36364.5 | D155: 4992.18 | E155: 4287.68 | F155: =SUM(C155:E155) | G155: =F155*'Rates'!$B$3 | H155: =F155*'Rates'!$B$4 | I155: 54726 | J155: =SUM(F155:H155) | K155: =I155-J155
A156: PRJ-154 | B156: Technology | C156: 58210.18 | D156: 2141.06 | E156: 4143.42 | F156: =SUM(C156:E156) | G156: =F156*'Rates'!$B$3 | H156: =F156*'Rates'!$B$4 | I156: 77234 | J156: =SUM(F156:H156) | K156: =I156-J156
A157: PRJ-155 | B157: Operations | C157: 18350.46 | D157: 11079.14 | E157: 7044.46 | F157: =SUM(C157:E157) | G157: =F157*'Rates'!$B$3 | H157: =F157*'Rates'!$B$4 | I157: 46293 | J157: =SUM(F157:H157) | K157: =I157-J157
... A162: PRJ-160 | B162: Research | C162: 50558.64 | D162: 17785.22 | E162: 4749.08 | F162: =SUM(C162:E162) | G162: =F162*'Rates'!$B$3 | H162: =F162*'Rates'!$B$4 | I162: 89139 | J162: =SUM(F162:H162) | K162: =I162-J162

Sheet Summary
A1: Department Summary
A2: Department | B2: Total Cost | C2: Subtotal | D2: Variance
A3: Research | B3: =SUMIF('Projects'!$B$3:$B$162,A3,'Projects'!$J$3:$J$162) | C3: =SUMIF('Projects'!$B$3:$B$162,A3,'Projects'!$F$3:$F$162) | D3: =SUMIF('Projects'!$B$3:$B$162,A3,'Projects'!$K$3:$K$162)
A4: Operations | B4: =SUMIF('Projects'!$B$3:$B$161,A4,'Projects'!$J$3:$J$161) | C4: =SUMIF('Projects'!$B$3:$B$162,A4,'Projects'!$F$3:$F$162) | D4: =SUMIF('Projects'!$B$3:$B$162,A4,'Projects'!$K$3:$K$162)
A5: Marketing | B5: =SUMIF('Projects'!$B$3:$B$162,A5,'Projects'!$J$3:$J$162) | C5: =SUMIF('Projects'!$B$3:$B$162,A5,'Projects'!$E$3:$E$162) | D5: =SUMIF('Projects'!$B$3:$B$162,A5,'Projects'!$K$3:$K$162)
A6: Technology | B6: =SUMIF('Projects'!$B$3:$B$162,A6,'Projects'!$J$3:$J$162) | C6: =SUMIF('Projects'!$B$3:$B$162,A6,'Projects'!$F$3:$F$162) | D6: =SUMIF('Projects'!$B$3:$B$162,A6,'Projects'!$K$3:$K$162)
