Workbook

Sheet forward
A1: A-record-1 | B1: B-record-1 | C1: C-record-1 | D1: D-record-1 | H1: H-record-1 | J1: J-record-1 | L1: L-record-1 | N1: N-record-1
A2: A-record-2 | B2: B-record-2 | C2: C-record-2 | D2: D-record-2 | H2: H-record-2 | J2: J-record-2 | L2: L-record-2 | N2: N-record-2
A3: A-record-3 | B3: B-record-3 | C3: C-record-3 | D3: D-record-3 | H3: H-record-3 | J3: J-record-3 | L3: L-record-3 | N3: N-record-3
A4: A-record-4 | B4: B-record-4 | C4: C-record-4 | D4: D-record-4 | H4: H-record-4 | J4: J-record-4 | L4: L-record-4 | N4: N-record-4
A5: A-record-5 | B5: B-record-5 | C5: C-record-5 | D5: D-record-5 | E5: =CONCATENATE(A5,B5,C6,D5) | F5: =CONCATENATE(A5,B5,C5,D5) | H5: H-record-5 | J5: J-record-5 | L5: L-record-5 | N5: N-record-5
A6: A-record-6 | B6: B-record-6 | C6: C-record-6 | D6: D-record-6 | E6: =CONCATENATE(A6,B6,C7,D6) | F6: =CONCATENATE(A6,B6,C6,D6) | H6: H-record-6 | J6: J-record-6 | L6: L-record-6 | N6: N-record-6
A7: A-record-7 | B7: B-record-7 | C7: C-record-7 | D7: D-record-7 | E7: =CONCATENATE(A7,B7,C8,D7) | F7: =CONCATENATE(A7,B7,C7,D7) | H7: H-record-7 | J7: J-record-7 | L7: L-record-7 | N7: N-record-7
A8: A-record-8 | B8: B-record-8 | C8: C-record-8 | D8: D-record-8 | E8: =CONCATENATE(A8,B8,C9,D8) | F8: =CONCATENATE(A8,B8,C8,D8) | H8: H-record-8 | J8: J-record-8 | L8: L-record-8 | N8: N-record-8
A9: A-record-9 | B9: B-record-9 | C9: C-record-9 | D9: D-record-9 | E9: =CONCATENATE(A9,B9,C10,D9) | F9: =CONCATENATE(A9,B9,C9,D9) | H9: H-record-9 | J9: J-record-9 | L9: L-record-9 | N9: N-record-9
A10: A-record-10 | B10: B-record-10 | C10: C-record-10 | D10: D-record-10 | E10: =CONCATENATE(A10,B10,C11,D10) | F10: =CONCATENATE(A10,B10,C10,D10) | H10: H-record-10 | J10: J-record-10 | L10: L-record-10 | N10: N-record-10
A11: A-record-11 | B11: B-record-11 | C11: C-record-11 | D11: D-record-11 | E11: =CONCATENATE(A11,B11,C12,D11) | F11: =CONCATENATE(A11,B11,C11,D11) | H11: H-record-11 | J11: J-record-11 | L11: L-record-11 | N11: N-record-11
A12: A-record-12 | B12: B-record-12 | C12: C-record-12 | D12: D-record-12 | E12: =CONCATENATE(A12,B12,C13,D12) | F12: =CONCATENATE(A12,B12,C12,D12) | H12: H-record-12 | J12: J-record-12 | L12: L-record-12 | N12: N-record-12
A13: A-record-13 | B13: B-record-13 | C13: C-record-13 | D13: D-record-13 | E13: =CONCATENATE(A13,B13,C14,D13) | F13: =CONCATENATE(A13,B13,C13,D13) | H13: H-record-13 | J13: J-record-13 | L13: L-record-13 | N13: N-record-13
A14: A-record-14 | B14: B-record-14 | C14: C-record-14 | D14: D-record-14 | E14: =CONCATENATE(A14,B14,C15,D14) | F14: =CONCATENATE(A14,B14,C14,D14) | H14: H-record-14 | J14: J-record-14 | L14: L-record-14 | N14: N-record-14
A15: A-record-15 | B15: B-record-15 | C15: C-record-15 | D15: D-record-15 | E15: =CONCATENATE(A15,B15,C16,D15) | F15: =CONCATENATE(A15,B15,C15,D15) | H15: H-record-15 | J15: J-record-15 | L15: L-record-15 | N15: N-record-15
A16: A-record-16 | B16: B-record-16 | C16: C-record-16 | D16: D-record-16 | E16: =CONCATENATE(A16,B16,C17,D16) | F16: =CONCATENATE(A16,B16,C16,D16) | H16: H-record-16 | J16: J-record-16 | L16: L-record-16 | N16: N-record-16
A17: A-record-17 | B17: B-record-17 | C17: C-record-17 | D17: D-record-17 | H17: H-record-17 | J17: J-record-17 | L17: L-record-17 | N17: N-record-17
A18: A-record-18 | B18: B-record-18 | C18: C-record-18 | D18: D-record-18 | H18: H-record-18 | J18: J-record-18 | L18: L-record-18 | N18: N-record-18

Sheet Other data
A1: external-A-1 | B1: external-B-1 | C1: external-C-1 | D1: external-D-1 | H1: external-H-1 | J1: external-J-1 | L1: external-L-1 | N1: external-N-1
A2: external-A-2 | B2: external-B-2 | C2: external-C-2 | D2: external-D-2 | H2: external-H-2 | J2: external-J-2 | L2: external-L-2 | N2: external-N-2
A3: external-A-3 | B3: external-B-3 | C3: external-C-3 | D3: external-D-3 | H3: external-H-3 | J3: external-J-3 | L3: external-L-3 | N3: external-N-3
A4: external-A-4 | B4: external-B-4 | C4: external-C-4 | D4: external-D-4 | H4: external-H-4 | J4: external-J-4 | L4: external-L-4 | N4: external-N-4
A5: external-A-5 | B5: external-B-5 | C5: external-C-5 | D5: external-D-5 | H5: external-H-5 | J5: external-J-5 | L5: external-L-5 | N5: external-N-5
A6: external-A-6 | B6: external-B-6 | C6: external-C-6 | D6: external-D-6 | H6: external-H-6 | J6: external-J-6 | L6: external-L-6 | N6: external-N-6
A7: external-A-7 | B7: external-B-7 | C7: external-C-7 | D7: external-D-7 | H7: external-H-7 | J7: external-J-7 | L7: external-L-7 | N7: external-N-7
A8: external-A-8 | B8: external-B-8 | C8: external-C-8 | D8: external-D-8 | H8: external-H-8 | J8: external-J-8 | L8: external-L-8 | N8: external-N-8
A9: external-A-9 | B9: external-B-9 | C9: external-C-9 | D9: external-D-9 | H9: external-H-9 | J9: external-J-9 | L9: external-L-9 | N9: external-N-9
A10: external-A-10 | B10: external-B-10 | C10: external-C-10 | D10: external-D-10 | H10: external-H-10 | J10: external-J-10 | L10: external-L-10 | N10: external-N-10
A11: external-A-11 | B11: external-B-11 | C11: external-C-11 | D11: external-D-11 | H11: external-H-11 | J11: external-J-11 | L11: external-L-11 | N11: external-N-11
A12: external-A-12 | B12: external-B-12 | C12: external-C-12 | D12: external-D-12 | H12: external-H-12 | J12: external-J-12 | L12: external-L-12 | N12: external-N-12
... A18: external-A-18 | B18: external-B-18 | C18: external-C-18 | D18: external-D-18 | H18: external-H-18 | J18: external-J-18 | L18: external-L-18 | N18: external-N-18

Sheet backward
A1: A-record-1 | B1: B-record-1 | C1: C-record-1 | D1: D-record-1 | H1: H-record-1 | J1: J-record-1 | L1: L-record-1 | N1: N-record-1
A2: A-record-2 | B2: B-record-2 | C2: C-record-2 | D2: D-record-2 | H2: H-record-2 | J2: J-record-2 | L2: L-record-2 | N2: N-record-2
A3: A-record-3 | B3: B-record-3 | C3: C-record-3 | D3: D-record-3 | H3: H-record-3 | J3: J-record-3 | L3: L-record-3 | N3: N-record-3
A4: A-record-4 | B4: B-record-4 | C4: C-record-4 | D4: D-record-4 | H4: H-record-4 | J4: J-record-4 | L4: L-record-4 | N4: N-record-4
A5: A-record-5 | B5: B-record-5 | C5: C-record-5 | D5: D-record-5 | E5: =CONCATENATE(A5,B5,C4,D5) | F5: =CONCATENATE(A5,B5,C5,D5) | H5: H-record-5 | J5: J-record-5 | L5: L-record-5 | N5: N-record-5
A6: A-record-6 | B6: B-record-6 | C6: C-record-6 | D6: D-record-6 | E6: =CONCATENATE(A6,B6,C5,D6) | F6: =CONCATENATE(A6,B6,C6,D6) | H6: H-record-6 | J6: J-record-6 | L6: L-record-6 | N6: N-record-6
A7: A-record-7 | B7: B-record-7 | C7: C-record-7 | D7: D-record-7 | E7: =CONCATENATE(A7,B7,C6,D7) | F7: =CONCATENATE(A7,B7,C7,D7) | H7: H-record-7 | J7: J-record-7 | L7: L-record-7 | N7: N-record-7
A8: A-record-8 | B8: B-record-8 | C8: C-record-8 | D8: D-record-8 | E8: =CONCATENATE(A8,B8,C7,D8) | F8: =CONCATENATE(A8,B8,C8,D8) | H8: H-record-8 | J8: J-record-8 | L8: L-record-8 | N8: N-record-8
A9: A-record-9 | B9: B-record-9 | C9: C-record-9 | D9: D-record-9 | E9: =CONCATENATE(A9,B9,C8,D9) | F9: =CONCATENATE(A9,B9,C9,D9) | H9: H-record-9 | J9: J-record-9 | L9: L-record-9 | N9: N-record-9
A10: A-record-10 | B10: B-record-10 | C10: C-record-10 | D10: D-record-10 | E10: =CONCATENATE(A10,B10,C9,D10) | F10: =CONCATENATE(A10,B10,C10,D10) | H10: H-record-10 | J10: J-record-10 | L10: L-record-10 | N10: N-record-10
A11: A-record-11 | B11: B-record-11 | C11: C-record-11 | D11: D-record-11 | E11: =CONCATENATE(A11,B11,C10,D11) | F11: =CONCATENATE(A11,B11,C11,D11) | H11: H-record-11 | J11: J-record-11 | L11: L-record-11 | N11: N-record-11
A12: A-record-12 | B12: B-record-12 | C12: C-record-12 | D12: D-record-12 | E12: =CONCATENATE(A12,B12,C11,D12) | F12: =CONCATENATE(A12,B12,C12,D12) | H12: H-record-12 | J12: J-record-12 | L12: L-record-12 | N12: N-record-12
A13: A-record-13 | B13: B-record-13 | C13: C-record-13 | D13: D-record-13 | E13: =CONCATENATE(A13,B13,C12,D13) | F13: =CONCATENATE(A13,B13,C13,D13) | H13: H-record-13 | J13: J-record-13 | L13: L-record-13 | N13: N-record-13
A14: A-record-14 | B14: B-record-14 | C14: C-record-14 | D14: D-record-14 | E14: =CONCATENATE(A14,B14,C13,D14) | F14: =CONCATENATE(A14,B14,C14,D14) | H14: H-record-14 | J14: J-record-14 | L14: L-record-14 | N14: N-record-14
A15: A-record-15 | B15: B-record-15 | C15: C-record-15 | D15: D-record-15 | E15: =CONCATENATE(A15,B15,C14,D15) | F15: =CONCATENATE(A15,B15,C15,D15) | H15: H-record-15 | J15: J-record-15 | L15: L-record-15 | N15: N-record-15
A16: A-record-16 | B16: B-record-16 | C16: C-record-16 | D16: D-record-16 | E16: =CONCATENATE(A16,B16,C15,D16) | F16: =CONCATENATE(A16,B16,C16,D16) | H16: H-record-16 | J16: J-record-16 | L16: L-record-16 | N16: N-record-16
A17: A-record-17 | B17: B-record-17 | C17: C-record-17 | D17: D-record-17 | H17: H-record-17 | J17: J-record-17 | L17: L-record-17 | N17: N-record-17
A18: A-record-18 | B18: B-record-18 | C18: C-record-18 | D18: D-record-18 | H18: H-record-18 | J18: J-record-18 | L18: L-record-18 | N18: N-record-18

Sheet nested
A1: A-record-1 | B1: B-record-1 | C1: C-record-1 | D1: D-record-1 | H1: H-record-1 | J1: J-record-1 | L1: L-record-1 | N1: N-record-1
A2: A-record-2 | B2: B-record-2 | C2: C-record-2 | D2: D-record-2 | H2: H-record-2 | J2: J-record-2 | L2: L-record-2 | N2: N-record-2
A3: A-record-3 | B3: B-record-3 | C3: C-record-3 | D3: D-record-3 | H3: H-record-3 | J3: J-record-3 | L3: L-record-3 | N3: N-record-3
A4: A-record-4 | B4: B-record-4 | C4: C-record-4 | D4: D-record-4 | H4: H-record-4 | J4: J-record-4 | L4: L-record-4 | N4: N-record-4
A5: A-record-5 | B5: B-record-5 | C5: C-record-5 | D5: D-record-5 | E5: =CONCATENATE(A5,CONCATENATE(B5,C6),D5) | F5: =CONCATENATE(A5,CONCATENATE(B5,C5),D5) | H5: H-record-5 | J5: J-record-5 | L5: L-record-5 | N5: N-record-5
A6: A-record-6 | B6: B-record-6 | C6: C-record-6 | D6: D-record-6 | E6: =CONCATENATE(A6,CONCATENATE(B6,C7),D6) | F6: =CONCATENATE(A6,CONCATENATE(B6,C6),D6) | H6: H-record-6 | J6: J-record-6 | L6: L-record-6 | N6: N-record-6
A7: A-record-7 | B7: B-record-7 | C7: C-record-7 | D7: D-record-7 | E7: =CONCATENATE(A7,CONCATENATE(B7,C8),D7) | F7: =CONCATENATE(A7,CONCATENATE(B7,C7),D7) | H7: H-record-7 | J7: J-record-7 | L7: L-record-7 | N7: N-record-7
A8: A-record-8 | B8: B-record-8 | C8: C-record-8 | D8: D-record-8 | E8: =CONCATENATE(A8,CONCATENATE(B8,C9),D8) | F8: =CONCATENATE(A8,CONCATENATE(B8,C8),D8) | H8: H-record-8 | J8: J-record-8 | L8: L-record-8 | N8: N-record-8
A9: A-record-9 | B9: B-record-9 | C9: C-record-9 | D9: D-record-9 | E9: =CONCATENATE(A9,CONCATENATE(B9,C10),D9) | F9: =CONCATENATE(A9,CONCATENATE(B9,C9),D9) | H9: H-record-9 | J9: J-record-9 | L9: L-record-9 | N9: N-record-9
A10: A-record-10 | B10: B-record-10 | C10: C-record-10 | D10: D-record-10 | E10: =CONCATENATE(A10,CONCATENATE(B10,C11),D10) | F10: =CONCATENATE(A10,CONCATENATE(B10,C10),D10) | H10: H-record-10 | J10: J-record-10 | L10: L-record-10 | N10: N-record-10
A11: A-record-11 | B11: B-record-11 | C11: C-record-11 | D11: D-record-11 | E11: =CONCATENATE(A11,CONCATENATE(B11,C12),D11) | F11: =CONCATENATE(A11,CONCATENATE(B11,C11),D11) | H11: H-record-11 | J11: J-record-11 | L11: L-record-11 | N11: N-record-11
A12: A-record-12 | B12: B-record-12 | C12: C-record-12 | D12: D-record-12 | E12: =CONCATENATE(A12,CONCATENATE(B12,C13),D12) | F12: =CONCATENATE(A12,CONCATENATE(B12,C12),D12) | H12: H-record-12 | J12: J-record-12 | L12: L-record-12 | N12: N-record-12
A13: A-record-13 | B13: B-record-13 | C13: C-record-13 | D13: D-record-13 | E13: =CONCATENATE(A13,CONCATENATE(B13,C14),D13) | F13: =CONCATENATE(A13,CONCATENATE(B13,C13),D13) | H13: H-record-13 | J13: J-record-13 | L13: L-record-13 | N13: N-record-13
A14: A-record-14 | B14: B-record-14 | C14: C-record-14 | D14: D-record-14 | E14: =CONCATENATE(A14,CONCATENATE(B14,C15),D14) | F14: =CONCATENATE(A14,CONCATENATE(B14,C14),D14) | H14: H-record-14 | J14: J-record-14 | L14: L-record-14 | N14: N-record-14
A15: A-record-15 | B15: B-record-15 | C15: C-record-15 | D15: D-record-15 | E15: =CONCATENATE(A15,CONCATENATE(B15,C16),D15) | F15: =CONCATENATE(A15,CONCATENATE(B15,C15),D15) | H15: H-record-15 | J15: J-record-15 | L15: L-record-15 | N15: N-record-15
A16: A-record-16 | B16: B-record-16 | C16: C-record-16 | D16: D-record-16 | E16: =CONCATENATE(A16,CONCATENATE(B16,C17),D16) | F16: =CONCATENATE(A16,CONCATENATE(B16,C16),D16) | H16: H-record-16 | J16: J-record-16 | L16: L-record-16 | N16: N-record-16
A17: A-record-17 | B17: B-record-17 | C17: C-record-17 | D17: D-record-17 | H17: H-record-17 | J17: J-record-17 | L17: L-record-17 | N17: N-record-17
A18: A-record-18 | B18: B-record-18 | C18: C-record-18 | D18: D-record-18 | H18: H-record-18 | J18: J-record-18 | L18: L-record-18 | N18: N-record-18

Sheet ampersand
A1: A-record-1 | B1: B-record-1 | C1: C-record-1 | D1: D-record-1 | H1: H-record-1 | J1: J-record-1 | L1: L-record-1 | N1: N-record-1
A2: A-record-2 | B2: B-record-2 | C2: C-record-2 | D2: D-record-2 | H2: H-record-2 | J2: J-record-2 | L2: L-record-2 | N2: N-record-2
A3: A-record-3 | B3: B-record-3 | C3: C-record-3 | D3: D-record-3 | H3: H-record-3 | J3: J-record-3 | L3: L-record-3 | N3: N-record-3
A4: A-record-4 | B4: B-record-4 | C4: C-record-4 | D4: D-record-4 | H4: H-record-4 | J4: J-record-4 | L4: L-record-4 | N4: N-record-4
A5: A-record-5 | B5: B-record-5 | C5: C-record-5 | D5: D-record-5 | E5: =A5&B5&C6&D5 | F5: =A5&B5&C5&D5 | H5: H-record-5 | J5: J-record-5 | L5: L-record-5 | N5: N-record-5
A6: A-record-6 | B6: B-record-6 | C6: C-record-6 | D6: D-record-6 | E6: =A6&B6&C7&D6 | F6: =A6&B6&C6&D6 | H6: H-record-6 | J6: J-record-6 | L6: L-record-6 | N6: N-record-6
A7: A-record-7 | B7: B-record-7 | C7: C-record-7 | D7: D-record-7 | E7: =A7&B7&C8&D7 | F7: =A7&B7&C7&D7 | H7: H-record-7 | J7: J-record-7 | L7: L-record-7 | N7: N-record-7
A8: A-record-8 | B8: B-record-8 | C8: C-record-8 | D8: D-record-8 | E8: =A8&B8&C9&D8 | F8: =A8&B8&C8&D8 | H8: H-record-8 | J8: J-record-8 | L8: L-record-8 | N8: N-record-8
A9: A-record-9 | B9: B-record-9 | C9: C-record-9 | D9: D-record-9 | E9: =A9&B9&C10&D9 | F9: =A9&B9&C9&D9 | H9: H-record-9 | J9: J-record-9 | L9: L-record-9 | N9: N-record-9
A10: A-record-10 | B10: B-record-10 | C10: C-record-10 | D10: D-record-10 | E10: =A10&B10&C11&D10 | F10: =A10&B10&C10&D10 | H10: H-record-10 | J10: J-record-10 | L10: L-record-10 | N10: N-record-10
A11: A-record-11 | B11: B-record-11 | C11: C-record-11 | D11: D-record-11 | E11: =A11&B11&C12&D11 | F11: =A11&B11&C11&D11 | H11: H-record-11 | J11: J-record-11 | L11: L-record-11 | N11: N-record-11
A12: A-record-12 | B12: B-record-12 | C12: C-record-12 | D12: D-record-12 | E12: =A12&B12&C13&D12 | F12: =A12&B12&C12&D12 | H12: H-record-12 | J12: J-record-12 | L12: L-record-12 | N12: N-record-12
A13: A-record-13 | B13: B-record-13 | C13: C-record-13 | D13: D-record-13 | E13: =A13&B13&C14&D13 | F13: =A13&B13&C13&D13 | H13: H-record-13 | J13: J-record-13 | L13: L-record-13 | N13: N-record-13
A14: A-record-14 | B14: B-record-14 | C14: C-record-14 | D14: D-record-14 | E14: =A14&B14&C15&D14 | F14: =A14&B14&C14&D14 | H14: H-record-14 | J14: J-record-14 | L14: L-record-14 | N14: N-record-14
A15: A-record-15 | B15: B-record-15 | C15: C-record-15 | D15: D-record-15 | E15: =A15&B15&C16&D15 | F15: =A15&B15&C15&D15 | H15: H-record-15 | J15: J-record-15 | L15: L-record-15 | N15: N-record-15
A16: A-record-16 | B16: B-record-16 | C16: C-record-16 | D16: D-record-16 | E16: =A16&B16&C17&D16 | F16: =A16&B16&C16&D16 | H16: H-record-16 | J16: J-record-16 | L16: L-record-16 | N16: N-record-16
A17: A-record-17 | B17: B-record-17 | C17: C-record-17 | D17: D-record-17 | H17: H-record-17 | J17: J-record-17 | L17: L-record-17 | N17: N-record-17
A18: A-record-18 | B18: B-record-18 | C18: C-record-18 | D18: D-record-18 | H18: H-record-18 | J18: J-record-18 | L18: L-record-18 | N18: N-record-18

Sheet escaped
A1: A-record-1 | B1: B-record-1 | C1: C-record-1 | D1: D-record-1 | H1: H-record-1 | J1: J-record-1 | L1: L-record-1 | N1: N-record-1
A2: A-record-2 | B2: B-record-2 | C2: C-record-2 | D2: D-record-2 | H2: H-record-2 | J2: J-record-2 | L2: L-record-2 | N2: N-record-2
A3: A-record-3 | B3: B-record-3 | C3: C-record-3 | D3: D-record-3 | H3: H-record-3 | J3: J-record-3 | L3: L-record-3 | N3: N-record-3
A4: A-record-4 | B4: B-record-4 | C4: C-record-4 | D4: D-record-4 | H4: H-record-4 | J4: J-record-4 | L4: L-record-4 | N4: N-record-4
A5: A-record-5 | B5: B-record-5 | C5: C-record-5 | D5: D-record-5 | E5: =CONCATENATE("C6 says ""hello""",A5,B5,C6,D5) | F5: =CONCATENATE("C6 says ""hello""",A5,B5,C5,D5) | H5: H-record-5 | J5: J-record-5 | L5: L-record-5 | N5: N-record-5
A6: A-record-6 | B6: B-record-6 | C6: C-record-6 | D6: D-record-6 | E6: =CONCATENATE("C7 says ""hello""",A6,B6,C7,D6) | F6: =CONCATENATE("C7 says ""hello""",A6,B6,C6,D6) | H6: H-record-6 | J6: J-record-6 | L6: L-record-6 | N6: N-record-6
A7: A-record-7 | B7: B-record-7 | C7: C-record-7 | D7: D-record-7 | E7: =CONCATENATE("C8 says ""hello""",A7,B7,C8,D7) | F7: =CONCATENATE("C8 says ""hello""",A7,B7,C7,D7) | H7: H-record-7 | J7: J-record-7 | L7: L-record-7 | N7: N-record-7
A8: A-record-8 | B8: B-record-8 | C8: C-record-8 | D8: D-record-8 | E8: =CONCATENATE("C9 says ""hello""",A8,B8,C9,D8) | F8: =CONCATENATE("C9 says ""hello""",A8,B8,C8,D8) | H8: H-record-8 | J8: J-record-8 | L8: L-record-8 | N8: N-record-8
A9: A-record-9 | B9: B-record-9 | C9: C-record-9 | D9: D-record-9 | E9: =CONCATENATE("C10 says ""hello""",A9,B9,C10,D9) | F9: =CONCATENATE("C10 says ""hello""",A9,B9,C9,D9) | H9: H-record-9 | J9: J-record-9 | L9: L-record-9 | N9: N-record-9
A10: A-record-10 | B10: B-record-10 | C10: C-record-10 | D10: D-record-10 | E10: =CONCATENATE("C11 says ""hello""",A10,B10,C11,D10) | F10: =CONCATENATE("C11 says ""hello""",A10,B10,C10,D10) | H10: H-record-10 | J10: J-record-10 | L10: L-record-10 | N10: N-record-10
A11: A-record-11 | B11: B-record-11 | C11: C-record-11 | D11: D-record-11 | E11: =CONCATENATE("C12 says ""hello""",A11,B11,C12,D11) | F11: =CONCATENATE("C12 says ""hello""",A11,B11,C11,D11) | H11: H-record-11 | J11: J-record-11 | L11: L-record-11 | N11: N-record-11
A12: A-record-12 | B12: B-record-12 | C12: C-record-12 | D12: D-record-12 | E12: =CONCATENATE("C13 says ""hello""",A12,B12,C13,D12) | F12: =CONCATENATE("C13 says ""hello""",A12,B12,C12,D12) | H12: H-record-12 | J12: J-record-12 | L12: L-record-12 | N12: N-record-12
A13: A-record-13 | B13: B-record-13 | C13: C-record-13 | D13: D-record-13 | E13: =CONCATENATE("C14 says ""hello""",A13,B13,C14,D13) | F13: =CONCATENATE("C14 says ""hello""",A13,B13,C13,D13) | H13: H-record-13 | J13: J-record-13 | L13: L-record-13 | N13: N-record-13
A14: A-record-14 | B14: B-record-14 | C14: C-record-14 | D14: D-record-14 | E14: =CONCATENATE("C15 says ""hello""",A14,B14,C15,D14) | F14: =CONCATENATE("C15 says ""hello""",A14,B14,C14,D14) | H14: H-record-14 | J14: J-record-14 | L14: L-record-14 | N14: N-record-14
A15: A-record-15 | B15: B-record-15 | C15: C-record-15 | D15: D-record-15 | E15: =CONCATENATE("C16 says ""hello""",A15,B15,C16,D15) | F15: =CONCATENATE("C16 says ""hello""",A15,B15,C15,D15) | H15: H-record-15 | J15: J-record-15 | L15: L-record-15 | N15: N-record-15
A16: A-record-16 | B16: B-record-16 | C16: C-record-16 | D16: D-record-16 | E16: =CONCATENATE("C17 says ""hello""",A16,B16,C17,D16) | F16: =CONCATENATE("C17 says ""hello""",A16,B16,C16,D16) | H16: H-record-16 | J16: J-record-16 | L16: L-record-16 | N16: N-record-16
A17: A-record-17 | B17: B-record-17 | C17: C-record-17 | D17: D-record-17 | H17: H-record-17 | J17: J-record-17 | L17: L-record-17 | N17: N-record-17
A18: A-record-18 | B18: B-record-18 | C18: C-record-18 | D18: D-record-18 | H18: H-record-18 | J18: J-record-18 | L18: L-record-18 | N18: N-record-18

Sheet absolute_column
A1: A-record-1 | B1: B-record-1 | C1: C-record-1 | D1: D-record-1 | H1: H-record-1 | J1: J-record-1 | L1: L-record-1 | N1: N-record-1
A2: A-record-2 | B2: B-record-2 | C2: C-record-2 | D2: D-record-2 | H2: H-record-2 | J2: J-record-2 | L2: L-record-2 | N2: N-record-2
A3: A-record-3 | B3: B-record-3 | C3: C-record-3 | D3: D-record-3 | H3: H-record-3 | J3: J-record-3 | L3: L-record-3 | N3: N-record-3
A4: A-record-4 | B4: B-record-4 | C4: C-record-4 | D4: D-record-4 | H4: H-record-4 | J4: J-record-4 | L4: L-record-4 | N4: N-record-4
A5: A-record-5 | B5: B-record-5 | C5: C-record-5 | D5: D-record-5 | E5: =CONCATENATE(A5,B5,$C6,D5) | F5: =CONCATENATE(A5,B5,$C5,D5) | H5: H-record-5 | J5: J-record-5 | L5: L-record-5 | N5: N-record-5
A6: A-record-6 | B6: B-record-6 | C6: C-record-6 | D6: D-record-6 | E6: =CONCATENATE(A6,B6,$C7,D6) | F6: =CONCATENATE(A6,B6,$C6,D6) | H6: H-record-6 | J6: J-record-6 | L6: L-record-6 | N6: N-record-6
A7: A-record-7 | B7: B-record-7 | C7: C-record-7 | D7: D-record-7 | E7: =CONCATENATE(A7,B7,$C8,D7) | F7: =CONCATENATE(A7,B7,$C7,D7) | H7: H-record-7 | J7: J-record-7 | L7: L-record-7 | N7: N-record-7
A8: A-record-8 | B8: B-record-8 | C8: C-record-8 | D8: D-record-8 | E8: =CONCATENATE(A8,B8,$C9,D8) | F8: =CONCATENATE(A8,B8,$C8,D8) | H8: H-record-8 | J8: J-record-8 | L8: L-record-8 | N8: N-record-8
A9: A-record-9 | B9: B-record-9 | C9: C-record-9 | D9: D-record-9 | E9: =CONCATENATE(A9,B9,$C10,D9) | F9: =CONCATENATE(A9,B9,$C9,D9) | H9: H-record-9 | J9: J-record-9 | L9: L-record-9 | N9: N-record-9
A10: A-record-10 | B10: B-record-10 | C10: C-record-10 | D10: D-record-10 | E10: =CONCATENATE(A10,B10,$C11,D10) | F10: =CONCATENATE(A10,B10,$C10,D10) | H10: H-record-10 | J10: J-record-10 | L10: L-record-10 | N10: N-record-10
A11: A-record-11 | B11: B-record-11 | C11: C-record-11 | D11: D-record-11 | E11: =CONCATENATE(A11,B11,$C12,D11) | F11: =CONCATENATE(A11,B11,$C11,D11) | H11: H-record-11 | J11: J-record-11 | L11: L-record-11 | N11: N-record-11
A12: A-record-12 | B12: B-record-12 | C12: C-record-12 | D12: D-record-12 | E12: =CONCATENATE(A12,B12,$C13,D12) | F12: =CONCATENATE(A12,B12,$C12,D12) | H12: H-record-12 | J12: J-record-12 | L12: L-record-12 | N12: N-record-12
A13: A-record-13 | B13: B-record-13 | C13: C-record-13 | D13: D-record-13 | E13: =CONCATENATE(A13,B13,$C14,D13) | F13: =CONCATENATE(A13,B13,$C13,D13) | H13: H-record-13 | J13: J-record-13 | L13: L-record-13 | N13: N-record-13
A14: A-record-14 | B14: B-record-14 | C14: C-record-14 | D14: D-record-14 | E14: =CONCATENATE(A14,B14,$C15,D14) | F14: =CONCATENATE(A14,B14,$C14,D14) | H14: H-record-14 | J14: J-record-14 | L14: L-record-14 | N14: N-record-14
A15: A-record-15 | B15: B-record-15 | C15: C-record-15 | D15: D-record-15 | E15: =CONCATENATE(A15,B15,$C16,D15) | F15: =CONCATENATE(A15,B15,$C15,D15) | H15: H-record-15 | J15: J-record-15 | L15: L-record-15 | N15: N-record-15
A16: A-record-16 | B16: B-record-16 | C16: C-record-16 | D16: D-record-16 | E16: =CONCATENATE(A16,B16,$C17,D16) | F16: =CONCATENATE(A16,B16,$C16,D16) | H16: H-record-16 | J16: J-record-16 | L16: L-record-16 | N16: N-record-16
A17: A-record-17 | B17: B-record-17 | C17: C-record-17 | D17: D-record-17 | H17: H-record-17 | J17: J-record-17 | L17: L-record-17 | N17: N-record-17
A18: A-record-18 | B18: B-record-18 | C18: C-record-18 | D18: D-record-18 | H18: H-record-18 | J18: J-record-18 | L18: L-record-18 | N18: N-record-18

Sheet repeated
A1: A-record-1 | B1: B-record-1 | C1: C-record-1 | D1: D-record-1 | H1: H-record-1 | J1: J-record-1 | L1: L-record-1 | N1: N-record-1
A2: A-record-2 | B2: B-record-2 | C2: C-record-2 | D2: D-record-2 | H2: H-record-2 | J2: J-record-2 | L2: L-record-2 | N2: N-record-2
A3: A-record-3 | B3: B-record-3 | C3: C-record-3 | D3: D-record-3 | H3: H-record-3 | J3: J-record-3 | L3: L-record-3 | N3: N-record-3
A4: A-record-4 | B4: B-record-4 | C4: C-record-4 | D4: D-record-4 | H4: H-record-4 | J4: J-record-4 | L4: L-record-4 | N4: N-record-4
A5: A-record-5 | B5: B-record-5 | C5: C-record-5 | D5: D-record-5 | E5: =CONCATENATE(A5,A5,B5,C6,D5) | F5: =CONCATENATE(A5,A5,B5,C5,D5) | H5: H-record-5 | J5: J-record-5 | L5: L-record-5 | N5: N-record-5
A6: A-record-6 | B6: B-record-6 | C6: C-record-6 | D6: D-record-6 | E6: =CONCATENATE(A6,A6,B6,C7,D6) | F6: =CONCATENATE(A6,A6,B6,C6,D6) | H6: H-record-6 | J6: J-record-6 | L6: L-record-6 | N6: N-record-6
A7: A-record-7 | B7: B-record-7 | C7: C-record-7 | D7: D-record-7 | E7: =CONCATENATE(A7,A7,B7,C8,D7) | F7: =CONCATENATE(A7,A7,B7,C7,D7) | H7: H-record-7 | J7: J-record-7 | L7: L-record-7 | N7: N-record-7
A8: A-record-8 | B8: B-record-8 | C8: C-record-8 | D8: D-record-8 | E8: =CONCATENATE(A8,A8,B8,C9,D8) | F8: =CONCATENATE(A8,A8,B8,C8,D8) | H8: H-record-8 | J8: J-record-8 | L8: L-record-8 | N8: N-record-8
A9: A-record-9 | B9: B-record-9 | C9: C-record-9 | D9: D-record-9 | E9: =CONCATENATE(A9,A9,B9,C10,D9) | F9: =CONCATENATE(A9,A9,B9,C9,D9) | H9: H-record-9 | J9: J-record-9 | L9: L-record-9 | N9: N-record-9
A10: A-record-10 | B10: B-record-10 | C10: C-record-10 | D10: D-record-10 | E10: =CONCATENATE(A10,A10,B10,C11,D10) | F10: =CONCATENATE(A10,A10,B10,C10,D10) | H10: H-record-10 | J10: J-record-10 | L10: L-record-10 | N10: N-record-10
A11: A-record-11 | B11: B-record-11 | C11: C-record-11 | D11: D-record-11 | E11: =CONCATENATE(A11,A11,B11,C12,D11) | F11: =CONCATENATE(A11,A11,B11,C11,D11) | H11: H-record-11 | J11: J-record-11 | L11: L-record-11 | N11: N-record-11
A12: A-record-12 | B12: B-record-12 | C12: C-record-12 | D12: D-record-12 | E12: =CONCATENATE(A12,A12,B12,C13,D12) | F12: =CONCATENATE(A12,A12,B12,C12,D12) | H12: H-record-12 | J12: J-record-12 | L12: L-record-12 | N12: N-record-12
A13: A-record-13 | B13: B-record-13 | C13: C-record-13 | D13: D-record-13 | E13: =CONCATENATE(A13,A13,B13,C14,D13) | F13: =CONCATENATE(A13,A13,B13,C13,D13) | H13: H-record-13 | J13: J-record-13 | L13: L-record-13 | N13: N-record-13
A14: A-record-14 | B14: B-record-14 | C14: C-record-14 | D14: D-record-14 | E14: =CONCATENATE(A14,A14,B14,C15,D14) | F14: =CONCATENATE(A14,A14,B14,C14,D14) | H14: H-record-14 | J14: J-record-14 | L14: L-record-14 | N14: N-record-14
A15: A-record-15 | B15: B-record-15 | C15: C-record-15 | D15: D-record-15 | E15: =CONCATENATE(A15,A15,B15,C16,D15) | F15: =CONCATENATE(A15,A15,B15,C15,D15) | H15: H-record-15 | J15: J-record-15 | L15: L-record-15 | N15: N-record-15
A16: A-record-16 | B16: B-record-16 | C16: C-record-16 | D16: D-record-16 | E16: =CONCATENATE(A16,A16,B16,C17,D16) | F16: =CONCATENATE(A16,A16,B16,C16,D16) | H16: H-record-16 | J16: J-record-16 | L16: L-record-16 | N16: N-record-16
A17: A-record-17 | B17: B-record-17 | C17: C-record-17 | D17: D-record-17 | H17: H-record-17 | J17: J-record-17 | L17: L-record-17 | N17: N-record-17
A18: A-record-18 | B18: B-record-18 | C18: C-record-18 | D18: D-record-18 | H18: H-record-18 | J18: J-record-18 | L18: L-record-18 | N18: N-record-18

Sheet other_columns
A1: A-record-1 | B1: B-record-1 | C1: C-record-1 | D1: D-record-1 | H1: H-record-1 | J1: J-record-1 | L1: L-record-1 | N1: N-record-1
A2: A-record-2 | B2: B-record-2 | C2: C-record-2 | D2: D-record-2 | H2: H-record-2 | J2: J-record-2 | L2: L-record-2 | N2: N-record-2
A3: A-record-3 | B3: B-record-3 | C3: C-record-3 | D3: D-record-3 | H3: H-record-3 | J3: J-record-3 | L3: L-record-3 | N3: N-record-3
A4: A-record-4 | B4: B-record-4 | C4: C-record-4 | D4: D-record-4 | H4: H-record-4 | J4: J-record-4 | L4: L-record-4 | N4: N-record-4
A5: A-record-5 | B5: B-record-5 | C5: C-record-5 | D5: D-record-5 | H5: H-record-5 | J5: J-record-5 | L5: L-record-5 | N5: N-record-5 | T5: =CONCATENATE(H5,J5,L6,N5) | U5: =CONCATENATE(H5,J5,L5,N5)
A6: A-record-6 | B6: B-record-6 | C6: C-record-6 | D6: D-record-6 | H6: H-record-6 | J6: J-record-6 | L6: L-record-6 | N6: N-record-6 | T6: =CONCATENATE(H6,J6,L7,N6) | U6: =CONCATENATE(H6,J6,L6,N6)
A7: A-record-7 | B7: B-record-7 | C7: C-record-7 | D7: D-record-7 | H7: H-record-7 | J7: J-record-7 | L7: L-record-7 | N7: N-record-7 | T7: =CONCATENATE(H7,J7,L8,N7) | U7: =CONCATENATE(H7,J7,L7,N7)
A8: A-record-8 | B8: B-record-8 | C8: C-record-8 | D8: D-record-8 | H8: H-record-8 | J8: J-record-8 | L8: L-record-8 | N8: N-record-8 | T8: =CONCATENATE(H8,J8,L9,N8) | U8: =CONCATENATE(H8,J8,L8,N8)
A9: A-record-9 | B9: B-record-9 | C9: C-record-9 | D9: D-record-9 | H9: H-record-9 | J9: J-record-9 | L9: L-record-9 | N9: N-record-9 | T9: =CONCATENATE(H9,J9,L10,N9) | U9: =CONCATENATE(H9,J9,L9,N9)
A10: A-record-10 | B10: B-record-10 | C10: C-record-10 | D10: D-record-10 | H10: H-record-10 | J10: J-record-10 | L10: L-record-10 | N10: N-record-10 | T10: =CONCATENATE(H10,J10,L11,N10) | U10: =CONCATENATE(H10,J10,L10,N10)
A11: A-record-11 | B11: B-record-11 | C11: C-record-11 | D11: D-record-11 | H11: H-record-11 | J11: J-record-11 | L11: L-record-11 | N11: N-record-11 | T11: =CONCATENATE(H11,J11,L12,N11) | U11: =CONCATENATE(H11,J11,L11,N11)
A12: A-record-12 | B12: B-record-12 | C12: C-record-12 | D12: D-record-12 | H12: H-record-12 | J12: J-record-12 | L12: L-record-12 | N12: N-record-12 | T12: =CONCATENATE(H12,J12,L13,N12) | U12: =CONCATENATE(H12,J12,L12,N12)
A13: A-record-13 | B13: B-record-13 | C13: C-record-13 | D13: D-record-13 | H13: H-record-13 | J13: J-record-13 | L13: L-record-13 | N13: N-record-13 | T13: =CONCATENATE(H13,J13,L14,N13) | U13: =CONCATENATE(H13,J13,L13,N13)
A14: A-record-14 | B14: B-record-14 | C14: C-record-14 | D14: D-record-14 | H14: H-record-14 | J14: J-record-14 | L14: L-record-14 | N14: N-record-14 | T14: =CONCATENATE(H14,J14,L15,N14) | U14: =CONCATENATE(H14,J14,L14,N14)
A15: A-record-15 | B15: B-record-15 | C15: C-record-15 | D15: D-record-15 | H15: H-record-15 | J15: J-record-15 | L15: L-record-15 | N15: N-record-15 | T15: =CONCATENATE(H15,J15,L16,N15) | U15: =CONCATENATE(H15,J15,L15,N15)
A16: A-record-16 | B16: B-record-16 | C16: C-record-16 | D16: D-record-16 | H16: H-record-16 | J16: J-record-16 | L16: L-record-16 | N16: N-record-16 | T16: =CONCATENATE(H16,J16,L17,N16) | U16: =CONCATENATE(H16,J16,L16,N16)
A17: A-record-17 | B17: B-record-17 | C17: C-record-17 | D17: D-record-17 | H17: H-record-17 | J17: J-record-17 | L17: L-record-17 | N17: N-record-17
A18: A-record-18 | B18: B-record-18 | C18: C-record-18 | D18: D-record-18 | H18: H-record-18 | J18: J-record-18 | L18: L-record-18 | N18: N-record-18

Sheet legal_lead
A1: A-record-1 | B1: B-record-1 | C1: C-record-1 | D1: D-record-1 | H1: H-record-1 | J1: J-record-1 | L1: L-record-1 | N1: N-record-1
A2: A-record-2 | B2: B-record-2 | C2: C-record-2 | D2: D-record-2 | H2: H-record-2 | J2: J-record-2 | L2: L-record-2 | N2: N-record-2
A3: A-record-3 | B3: B-record-3 | C3: C-record-3 | D3: D-record-3 | H3: H-record-3 | J3: J-record-3 | L3: L-record-3 | N3: N-record-3
A4: A-record-4 | B4: B-record-4 | C4: C-record-4 | D4: D-record-4 | H4: H-record-4 | J4: J-record-4 | L4: L-record-4 | N4: N-record-4
A5: A-record-5 | B5: B-record-5 | C5: C-record-5 | D5: D-record-5 | E5: =CONCATENATE(A5,B5,C6,D5) | F5: =CONCATENATE(A5,B5,C5,D5) | H5: H-record-5 | J5: J-record-5 | L5: L-record-5 | N5: N-record-5
A6: A-record-6 | B6: B-record-6 | C6: C-record-6 | D6: D-record-6 | E6: =CONCATENATE(A6,B6,C7,D6) | F6: =CONCATENATE(A6,B6,C6,D6) | H6: H-record-6 | J6: J-record-6 | L6: L-record-6 | N6: N-record-6
A7: A-record-7 | B7: B-record-7 | C7: C-record-7 | D7: D-record-7 | E7: =CONCATENATE(A7,B7,C8,D7) | F7: =CONCATENATE(A7,B7,C7,D7) | H7: H-record-7 | J7: J-record-7 | L7: L-record-7 | N7: N-record-7
A8: A-record-8 | B8: B-record-8 | C8: C-record-8 | D8: D-record-8 | E8: =CONCATENATE(A8,B8,C9,D8) | F8: =CONCATENATE(A8,B8,C8,D8) | H8: H-record-8 | J8: J-record-8 | L8: L-record-8 | N8: N-record-8
A9: A-record-9 | B9: B-record-9 | C9: C-record-9 | D9: D-record-9 | E9: =CONCATENATE(A9,B9,C10,D9) | F9: =CONCATENATE(A9,B9,C9,D9) | H9: H-record-9 | J9: J-record-9 | L9: L-record-9 | N9: N-record-9
A10: A-record-10 | B10: B-record-10 | C10: C-record-10 | D10: D-record-10 | E10: =CONCATENATE(A10,B10,C11,D10) | F10: =CONCATENATE(A10,B10,C10,D10) | H10: H-record-10 | J10: J-record-10 | L10: L-record-10 | N10: N-record-10
A11: A-record-11 | B11: B-record-11 | C11: C-record-11 | D11: D-record-11 | E11: =CONCATENATE(A11,B11,C12,D11) | F11: =CONCATENATE(A11,B11,C11,D11) | H11: H-record-11 | J11: J-record-11 | L11: L-record-11 | N11: N-record-11
A12: A-record-12 | B12: B-record-12 | C12: C-record-12 | D12: D-record-12 | E12: =CONCATENATE(A12,B12,C13,D12) | F12: =CONCATENATE(A12,B12,C12,D12) | H12: H-record-12 | J12: J-record-12 | L12: L-record-12 | N12: N-record-12
A13: A-record-13 | B13: B-record-13 | C13: C-record-13 | D13: D-record-13 | E13: =CONCATENATE(A13,B13,C14,D13) | F13: =CONCATENATE(A13,B13,C13,D13) | H13: H-record-13 | J13: J-record-13 | L13: L-record-13 | N13: N-record-13
A14: A-record-14 | B14: B-record-14 | C14: C-record-14 | D14: D-record-14 | E14: =CONCATENATE(A14,B14,C15,D14) | F14: =CONCATENATE(A14,B14,C14,D14) | H14: H-record-14 | J14: J-record-14 | L14: L-record-14 | N14: N-record-14
A15: A-record-15 | B15: B-record-15 | C15: C-record-15 | D15: D-record-15 | E15: =CONCATENATE(A15,B15,C16,D15) | F15: =CONCATENATE(A15,B15,C15,D15) | H15: H-record-15 | J15: J-record-15 | L15: L-record-15 | N15: N-record-15
A16: A-record-16 | B16: B-record-16 | C16: C-record-16 | D16: D-record-16 | E16: =CONCATENATE(A16,B16,C17,D16) | F16: =CONCATENATE(A16,B16,C16,D16) | H16: H-record-16 | J16: J-record-16 | L16: L-record-16 | N16: N-record-16
A17: A-record-17 | B17: B-record-17 | C17: C-record-17 | D17: D-record-17 | H17: H-record-17 | J17: J-record-17 | L17: L-record-17 | N17: N-record-17
A18: A-record-18 | B18: B-record-18 | C18: C-record-18 | D18: D-record-18 | H18: H-record-18 | J18: J-record-18 | L18: L-record-18 | N18: N-record-18

Sheet legal_lag
A1: A-record-1 | B1: B-record-1 | C1: C-record-1 | D1: D-record-1 | H1: H-record-1 | J1: J-record-1 | L1: L-record-1 | N1: N-record-1
A2: A-record-2 | B2: B-record-2 | C2: C-record-2 | D2: D-record-2 | H2: H-record-2 | J2: J-record-2 | L2: L-record-2 | N2: N-record-2
A3: A-record-3 | B3: B-record-3 | C3: C-record-3 | D3: D-record-3 | H3: H-record-3 | J3: J-record-3 | L3: L-record-3 | N3: N-record-3
A4: A-record-4 | B4: B-record-4 | C4: C-record-4 | D4: D-record-4 | H4: H-record-4 | J4: J-record-4 | L4: L-record-4 | N4: N-record-4
A5: A-record-5 | B5: B-record-5 | C5: C-record-5 | D5: D-record-5 | E5: =CONCATENATE(A5,B5,C4,D5) | F5: =CONCATENATE(A5,B5,C5,D5) | H5: H-record-5 | J5: J-record-5 | L5: L-record-5 | N5: N-record-5
A6: A-record-6 | B6: B-record-6 | C6: C-record-6 | D6: D-record-6 | E6: =CONCATENATE(A6,B6,C5,D6) | F6: =CONCATENATE(A6,B6,C6,D6) | H6: H-record-6 | J6: J-record-6 | L6: L-record-6 | N6: N-record-6
A7: A-record-7 | B7: B-record-7 | C7: C-record-7 | D7: D-record-7 | E7: =CONCATENATE(A7,B7,C6,D7) | F7: =CONCATENATE(A7,B7,C7,D7) | H7: H-record-7 | J7: J-record-7 | L7: L-record-7 | N7: N-record-7
A8: A-record-8 | B8: B-record-8 | C8: C-record-8 | D8: D-record-8 | E8: =CONCATENATE(A8,B8,C7,D8) | F8: =CONCATENATE(A8,B8,C8,D8) | H8: H-record-8 | J8: J-record-8 | L8: L-record-8 | N8: N-record-8
A9: A-record-9 | B9: B-record-9 | C9: C-record-9 | D9: D-record-9 | E9: =CONCATENATE(A9,B9,C8,D9) | F9: =CONCATENATE(A9,B9,C9,D9) | H9: H-record-9 | J9: J-record-9 | L9: L-record-9 | N9: N-record-9
A10: A-record-10 | B10: B-record-10 | C10: C-record-10 | D10: D-record-10 | E10: =CONCATENATE(A10,B10,C9,D10) | F10: =CONCATENATE(A10,B10,C10,D10) | H10: H-record-10 | J10: J-record-10 | L10: L-record-10 | N10: N-record-10
A11: A-record-11 | B11: B-record-11 | C11: C-record-11 | D11: D-record-11 | E11: =CONCATENATE(A11,B11,C10,D11) | F11: =CONCATENATE(A11,B11,C11,D11) | H11: H-record-11 | J11: J-record-11 | L11: L-record-11 | N11: N-record-11
A12: A-record-12 | B12: B-record-12 | C12: C-record-12 | D12: D-record-12 | E12: =CONCATENATE(A12,B12,C11,D12) | F12: =CONCATENATE(A12,B12,C12,D12) | H12: H-record-12 | J12: J-record-12 | L12: L-record-12 | N12: N-record-12
A13: A-record-13 | B13: B-record-13 | C13: C-record-13 | D13: D-record-13 | E13: =CONCATENATE(A13,B13,C12,D13) | F13: =CONCATENATE(A13,B13,C13,D13) | H13: H-record-13 | J13: J-record-13 | L13: L-record-13 | N13: N-record-13
A14: A-record-14 | B14: B-record-14 | C14: C-record-14 | D14: D-record-14 | E14: =CONCATENATE(A14,B14,C13,D14) | F14: =CONCATENATE(A14,B14,C14,D14) | H14: H-record-14 | J14: J-record-14 | L14: L-record-14 | N14: N-record-14
A15: A-record-15 | B15: B-record-15 | C15: C-record-15 | D15: D-record-15 | E15: =CONCATENATE(A15,B15,C14,D15) | F15: =CONCATENATE(A15,B15,C15,D15) | H15: H-record-15 | J15: J-record-15 | L15: L-record-15 | N15: N-record-15
A16: A-record-16 | B16: B-record-16 | C16: C-record-16 | D16: D-record-16 | E16: =CONCATENATE(A16,B16,C15,D16) | F16: =CONCATENATE(A16,B16,C16,D16) | H16: H-record-16 | J16: J-record-16 | L16: L-record-16 | N16: N-record-16
A17: A-record-17 | B17: B-record-17 | C17: C-record-17 | D17: D-record-17 | H17: H-record-17 | J17: J-record-17 | L17: L-record-17 | N17: N-record-17
A18: A-record-18 | B18: B-record-18 | C18: C-record-18 | D18: D-record-18 | H18: H-record-18 | J18: J-record-18 | L18: L-record-18 | N18: N-record-18

Sheet legal_nested
A1: A-record-1 | B1: B-record-1 | C1: C-record-1 | D1: D-record-1 | H1: H-record-1 | J1: J-record-1 | L1: L-record-1 | N1: N-record-1
A2: A-record-2 | B2: B-record-2 | C2: C-record-2 | D2: D-record-2 | H2: H-record-2 | J2: J-record-2 | L2: L-record-2 | N2: N-record-2
A3: A-record-3 | B3: B-record-3 | C3: C-record-3 | D3: D-record-3 | H3: H-record-3 | J3: J-record-3 | L3: L-record-3 | N3: N-record-3
A4: A-record-4 | B4: B-record-4 | C4: C-record-4 | D4: D-record-4 | H4: H-record-4 | J4: J-record-4 | L4: L-record-4 | N4: N-record-4
A5: A-record-5 | B5: B-record-5 | C5: C-record-5 | D5: D-record-5 | E5: =CONCATENATE(A5,CONCATENATE(B5,C6),D5) | F5: =CONCATENATE(A5,CONCATENATE(B5,C5),D5) | H5: H-record-5 | J5: J-record-5 | L5: L-record-5 | N5: N-record-5
A6: A-record-6 | B6: B-record-6 | C6: C-record-6 | D6: D-record-6 | E6: =CONCATENATE(A6,CONCATENATE(B6,C7),D6) | F6: =CONCATENATE(A6,CONCATENATE(B6,C6),D6) | H6: H-record-6 | J6: J-record-6 | L6: L-record-6 | N6: N-record-6
A7: A-record-7 | B7: B-record-7 | C7: C-record-7 | D7: D-record-7 | E7: =CONCATENATE(A7,CONCATENATE(B7,C8),D7) | F7: =CONCATENATE(A7,CONCATENATE(B7,C7),D7) | H7: H-record-7 | J7: J-record-7 | L7: L-record-7 | N7: N-record-7
A8: A-record-8 | B8: B-record-8 | C8: C-record-8 | D8: D-record-8 | E8: =CONCATENATE(A8,CONCATENATE(B8,C9),D8) | F8: =CONCATENATE(A8,CONCATENATE(B8,C8),D8) | H8: H-record-8 | J8: J-record-8 | L8: L-record-8 | N8: N-record-8
A9: A-record-9 | B9: B-record-9 | C9: C-record-9 | D9: D-record-9 | E9: =CONCATENATE(A9,CONCATENATE(B9,C10),D9) | F9: =CONCATENATE(A9,CONCATENATE(B9,C9),D9) | H9: H-record-9 | J9: J-record-9 | L9: L-record-9 | N9: N-record-9
A10: A-record-10 | B10: B-record-10 | C10: C-record-10 | D10: D-record-10 | E10: =CONCATENATE(A10,CONCATENATE(B10,C11),D10) | F10: =CONCATENATE(A10,CONCATENATE(B10,C10),D10) | H10: H-record-10 | J10: J-record-10 | L10: L-record-10 | N10: N-record-10
A11: A-record-11 | B11: B-record-11 | C11: C-record-11 | D11: D-record-11 | E11: =CONCATENATE(A11,CONCATENATE(B11,C12),D11) | F11: =CONCATENATE(A11,CONCATENATE(B11,C11),D11) | H11: H-record-11 | J11: J-record-11 | L11: L-record-11 | N11: N-record-11
A12: A-record-12 | B12: B-record-12 | C12: C-record-12 | D12: D-record-12 | E12: =CONCATENATE(A12,CONCATENATE(B12,C13),D12) | F12: =CONCATENATE(A12,CONCATENATE(B12,C12),D12) | H12: H-record-12 | J12: J-record-12 | L12: L-record-12 | N12: N-record-12
A13: A-record-13 | B13: B-record-13 | C13: C-record-13 | D13: D-record-13 | E13: =CONCATENATE(A13,CONCATENATE(B13,C14),D13) | F13: =CONCATENATE(A13,CONCATENATE(B13,C13),D13) | H13: H-record-13 | J13: J-record-13 | L13: L-record-13 | N13: N-record-13
A14: A-record-14 | B14: B-record-14 | C14: C-record-14 | D14: D-record-14 | E14: =CONCATENATE(A14,CONCATENATE(B14,C15),D14) | F14: =CONCATENATE(A14,CONCATENATE(B14,C14),D14) | H14: H-record-14 | J14: J-record-14 | L14: L-record-14 | N14: N-record-14
A15: A-record-15 | B15: B-record-15 | C15: C-record-15 | D15: D-record-15 | E15: =CONCATENATE(A15,CONCATENATE(B15,C16),D15) | F15: =CONCATENATE(A15,CONCATENATE(B15,C15),D15) | H15: H-record-15 | J15: J-record-15 | L15: L-record-15 | N15: N-record-15
A16: A-record-16 | B16: B-record-16 | C16: C-record-16 | D16: D-record-16 | E16: =CONCATENATE(A16,CONCATENATE(B16,C17),D16) | F16: =CONCATENATE(A16,CONCATENATE(B16,C16),D16) | H16: H-record-16 | J16: J-record-16 | L16: L-record-16 | N16: N-record-16
A17: A-record-17 | B17: B-record-17 | C17: C-record-17 | D17: D-record-17 | H17: H-record-17 | J17: J-record-17 | L17: L-record-17 | N17: N-record-17
A18: A-record-18 | B18: B-record-18 | C18: C-record-18 | D18: D-record-18 | H18: H-record-18 | J18: J-record-18 | L18: L-record-18 | N18: N-record-18

Sheet legal_ampersand
A1: A-record-1 | B1: B-record-1 | C1: C-record-1 | D1: D-record-1 | H1: H-record-1 | J1: J-record-1 | L1: L-record-1 | N1: N-record-1
A2: A-record-2 | B2: B-record-2 | C2: C-record-2 | D2: D-record-2 | H2: H-record-2 | J2: J-record-2 | L2: L-record-2 | N2: N-record-2
A3: A-record-3 | B3: B-record-3 | C3: C-record-3 | D3: D-record-3 | H3: H-record-3 | J3: J-record-3 | L3: L-record-3 | N3: N-record-3
A4: A-record-4 | B4: B-record-4 | C4: C-record-4 | D4: D-record-4 | H4: H-record-4 | J4: J-record-4 | L4: L-record-4 | N4: N-record-4
A5: A-record-5 | B5: B-record-5 | C5: C-record-5 | D5: D-record-5 | E5: =A5&B5&C6&D5 | F5: =A5&B5&C5&D5 | H5: H-record-5 | J5: J-record-5 | L5: L-record-5 | N5: N-record-5
A6: A-record-6 | B6: B-record-6 | C6: C-record-6 | D6: D-record-6 | E6: =A6&B6&C7&D6 | F6: =A6&B6&C6&D6 | H6: H-record-6 | J6: J-record-6 | L6: L-record-6 | N6: N-record-6
A7: A-record-7 | B7: B-record-7 | C7: C-record-7 | D7: D-record-7 | E7: =A7&B7&C8&D7 | F7: =A7&B7&C7&D7 | H7: H-record-7 | J7: J-record-7 | L7: L-record-7 | N7: N-record-7
A8: A-record-8 | B8: B-record-8 | C8: C-record-8 | D8: D-record-8 | E8: =A8&B8&C9&D8 | F8: =A8&B8&C8&D8 | H8: H-record-8 | J8: J-record-8 | L8: L-record-8 | N8: N-record-8
A9: A-record-9 | B9: B-record-9 | C9: C-record-9 | D9: D-record-9 | E9: =A9&B9&C10&D9 | F9: =A9&B9&C9&D9 | H9: H-record-9 | J9: J-record-9 | L9: L-record-9 | N9: N-record-9
A10: A-record-10 | B10: B-record-10 | C10: C-record-10 | D10: D-record-10 | E10: =A10&B10&C11&D10 | F10: =A10&B10&C10&D10 | H10: H-record-10 | J10: J-record-10 | L10: L-record-10 | N10: N-record-10
A11: A-record-11 | B11: B-record-11 | C11: C-record-11 | D11: D-record-11 | E11: =A11&B11&C12&D11 | F11: =A11&B11&C11&D11 | H11: H-record-11 | J11: J-record-11 | L11: L-record-11 | N11: N-record-11
A12: A-record-12 | B12: B-record-12 | C12: C-record-12 | D12: D-record-12 | E12: =A12&B12&C13&D12 | F12: =A12&B12&C12&D12 | H12: H-record-12 | J12: J-record-12 | L12: L-record-12 | N12: N-record-12
A13: A-record-13 | B13: B-record-13 | C13: C-record-13 | D13: D-record-13 | E13: =A13&B13&C14&D13 | F13: =A13&B13&C13&D13 | H13: H-record-13 | J13: J-record-13 | L13: L-record-13 | N13: N-record-13
A14: A-record-14 | B14: B-record-14 | C14: C-record-14 | D14: D-record-14 | E14: =A14&B14&C15&D14 | F14: =A14&B14&C14&D14 | H14: H-record-14 | J14: J-record-14 | L14: L-record-14 | N14: N-record-14
A15: A-record-15 | B15: B-record-15 | C15: C-record-15 | D15: D-record-15 | E15: =A15&B15&C16&D15 | F15: =A15&B15&C15&D15 | H15: H-record-15 | J15: J-record-15 | L15: L-record-15 | N15: N-record-15
A16: A-record-16 | B16: B-record-16 | C16: C-record-16 | D16: D-record-16 | E16: =A16&B16&C17&D16 | F16: =A16&B16&C16&D16 | H16: H-record-16 | J16: J-record-16 | L16: L-record-16 | N16: N-record-16
A17: A-record-17 | B17: B-record-17 | C17: C-record-17 | D17: D-record-17 | H17: H-record-17 | J17: J-record-17 | L17: L-record-17 | N17: N-record-17
A18: A-record-18 | B18: B-record-18 | C18: C-record-18 | D18: D-record-18 | H18: H-record-18 | J18: J-record-18 | L18: L-record-18 | N18: N-record-18

Sheet absolute_row
A1: A-record-1 | B1: B-record-1 | C1: C-record-1 | D1: D-record-1 | H1: H-record-1 | J1: J-record-1 | L1: L-record-1 | N1: N-record-1
A2: A-record-2 | B2: B-record-2 | C2: C-record-2 | D2: D-record-2 | H2: H-record-2 | J2: J-record-2 | L2: L-record-2 | N2: N-record-2
A3: A-record-3 | B3: B-record-3 | C3: C-record-3 | D3: D-record-3 | H3: H-record-3 | J3: J-record-3 | L3: L-record-3 | N3: N-record-3
A4: A-record-4 | B4: B-record-4 | C4: C-record-4 | D4: D-record-4 | H4: H-record-4 | J4: J-record-4 | L4: L-record-4 | N4: N-record-4
A5: A-record-5 | B5: B-record-5 | C5: C-record-5 | D5: D-record-5 | E5: =CONCATENATE(A5,B5,C$6,D5) | H5: H-record-5 | J5: J-record-5 | L5: L-record-5 | N5: N-record-5
A6: A-record-6 | B6: B-record-6 | C6: C-record-6 | D6: D-record-6 | E6: =CONCATENATE(A6,B6,C$7,D6) | H6: H-record-6 | J6: J-record-6 | L6: L-record-6 | N6: N-record-6
A7: A-record-7 | B7: B-record-7 | C7: C-record-7 | D7: D-record-7 | E7: =CONCATENATE(A7,B7,C$8,D7) | H7: H-record-7 | J7: J-record-7 | L7: L-record-7 | N7: N-record-7
A8: A-record-8 | B8: B-record-8 | C8: C-record-8 | D8: D-record-8 | E8: =CONCATENATE(A8,B8,C$9,D8) | H8: H-record-8 | J8: J-record-8 | L8: L-record-8 | N8: N-record-8
A9: A-record-9 | B9: B-record-9 | C9: C-record-9 | D9: D-record-9 | E9: =CONCATENATE(A9,B9,C$10,D9) | H9: H-record-9 | J9: J-record-9 | L9: L-record-9 | N9: N-record-9
A10: A-record-10 | B10: B-record-10 | C10: C-record-10 | D10: D-record-10 | E10: =CONCATENATE(A10,B10,C$11,D10) | H10: H-record-10 | J10: J-record-10 | L10: L-record-10 | N10: N-record-10
A11: A-record-11 | B11: B-record-11 | C11: C-record-11 | D11: D-record-11 | E11: =CONCATENATE(A11,B11,C$12,D11) | H11: H-record-11 | J11: J-record-11 | L11: L-record-11 | N11: N-record-11
A12: A-record-12 | B12: B-record-12 | C12: C-record-12 | D12: D-record-12 | E12: =CONCATENATE(A12,B12,C$13,D12) | H12: H-record-12 | J12: J-record-12 | L12: L-record-12 | N12: N-record-12
A13: A-record-13 | B13: B-record-13 | C13: C-record-13 | D13: D-record-13 | E13: =CONCATENATE(A13,B13,C$14,D13) | H13: H-record-13 | J13: J-record-13 | L13: L-record-13 | N13: N-record-13
A14: A-record-14 | B14: B-record-14 | C14: C-record-14 | D14: D-record-14 | E14: =CONCATENATE(A14,B14,C$15,D14) | H14: H-record-14 | J14: J-record-14 | L14: L-record-14 | N14: N-record-14
A15: A-record-15 | B15: B-record-15 | C15: C-record-15 | D15: D-record-15 | E15: =CONCATENATE(A15,B15,C$16,D15) | H15: H-record-15 | J15: J-record-15 | L15: L-record-15 | N15: N-record-15
A16: A-record-16 | B16: B-record-16 | C16: C-record-16 | D16: D-record-16 | E16: =CONCATENATE(A16,B16,C$17,D16) | H16: H-record-16 | J16: J-record-16 | L16: L-record-16 | N16: N-record-16
A17: A-record-17 | B17: B-record-17 | C17: C-record-17 | D17: D-record-17 | H17: H-record-17 | J17: J-record-17 | L17: L-record-17 | N17: N-record-17
A18: A-record-18 | B18: B-record-18 | C18: C-record-18 | D18: D-record-18 | H18: H-record-18 | J18: J-record-18 | L18: L-record-18 | N18: N-record-18

Sheet cross_sheet
A1: A-record-1 | B1: B-record-1 | C1: C-record-1 | D1: D-record-1 | H1: H-record-1 | J1: J-record-1 | L1: L-record-1 | N1: N-record-1
A2: A-record-2 | B2: B-record-2 | C2: C-record-2 | D2: D-record-2 | H2: H-record-2 | J2: J-record-2 | L2: L-record-2 | N2: N-record-2
A3: A-record-3 | B3: B-record-3 | C3: C-record-3 | D3: D-record-3 | H3: H-record-3 | J3: J-record-3 | L3: L-record-3 | N3: N-record-3
A4: A-record-4 | B4: B-record-4 | C4: C-record-4 | D4: D-record-4 | H4: H-record-4 | J4: J-record-4 | L4: L-record-4 | N4: N-record-4
A5: A-record-5 | B5: B-record-5 | C5: C-record-5 | D5: D-record-5 | E5: =CONCATENATE(A5,B5,'Other data'!C6,D5) | H5: H-record-5 | J5: J-record-5 | L5: L-record-5 | N5: N-record-5
A6: A-record-6 | B6: B-record-6 | C6: C-record-6 | D6: D-record-6 | E6: =CONCATENATE(A6,B6,'Other data'!C7,D6) | H6: H-record-6 | J6: J-record-6 | L6: L-record-6 | N6: N-record-6
A7: A-record-7 | B7: B-record-7 | C7: C-record-7 | D7: D-record-7 | E7: =CONCATENATE(A7,B7,'Other data'!C8,D7) | H7: H-record-7 | J7: J-record-7 | L7: L-record-7 | N7: N-record-7
A8: A-record-8 | B8: B-record-8 | C8: C-record-8 | D8: D-record-8 | E8: =CONCATENATE(A8,B8,'Other data'!C9,D8) | H8: H-record-8 | J8: J-record-8 | L8: L-record-8 | N8: N-record-8
A9: A-record-9 | B9: B-record-9 | C9: C-record-9 | D9: D-record-9 | E9: =CONCATENATE(A9,B9,'Other data'!C10,D9) | H9: H-record-9 | J9: J-record-9 | L9: L-record-9 | N9: N-record-9
A10: A-record-10 | B10: B-record-10 | C10: C-record-10 | D10: D-record-10 | E10: =CONCATENATE(A10,B10,'Other data'!C11,D10) | H10: H-record-10 | J10: J-record-10 | L10: L-record-10 | N10: N-record-10
A11: A-record-11 | B11: B-record-11 | C11: C-record-11 | D11: D-record-11 | E11: =CONCATENATE(A11,B11,'Other data'!C12,D11) | H11: H-record-11 | J11: J-record-11 | L11: L-record-11 | N11: N-record-11
A12: A-record-12 | B12: B-record-12 | C12: C-record-12 | D12: D-record-12 | E12: =CONCATENATE(A12,B12,'Other data'!C13,D12) | H12: H-record-12 | J12: J-record-12 | L12: L-record-12 | N12: N-record-12
A13: A-record-13 | B13: B-record-13 | C13: C-record-13 | D13: D-record-13 | E13: =CONCATENATE(A13,B13,'Other data'!C14,D13) | H13: H-record-13 | J13: J-record-13 | L13: L-record-13 | N13: N-record-13
A14: A-record-14 | B14: B-record-14 | C14: C-record-14 | D14: D-record-14 | E14: =CONCATENATE(A14,B14,'Other data'!C15,D14) | H14: H-record-14 | J14: J-record-14 | L14: L-record-14 | N14: N-record-14
A15: A-record-15 | B15: B-record-15 | C15: C-record-15 | D15: D-record-15 | E15: =CONCATENATE(A15,B15,'Other data'!C16,D15) | H15: H-record-15 | J15: J-record-15 | L15: L-record-15 | N15: N-record-15
A16: A-record-16 | B16: B-record-16 | C16: C-record-16 | D16: D-record-16 | E16: =CONCATENATE(A16,B16,'Other data'!C17,D16) | H16: H-record-16 | J16: J-record-16 | L16: L-record-16 | N16: N-record-16
A17: A-record-17 | B17: B-record-17 | C17: C-record-17 | D17: D-record-17 | H17: H-record-17 | J17: J-record-17 | L17: L-record-17 | N17: N-record-17
A18: A-record-18 | B18: B-record-18 | C18: C-record-18 | D18: D-record-18 | H18: H-record-18 | J18: J-record-18 | L18: L-record-18 | N18: N-record-18

Sheet two_anchors
A1: A-record-1 | B1: B-record-1 | C1: C-record-1 | D1: D-record-1 | H1: H-record-1 | J1: J-record-1 | L1: L-record-1 | N1: N-record-1
A2: A-record-2 | B2: B-record-2 | C2: C-record-2 | D2: D-record-2 | H2: H-record-2 | J2: J-record-2 | L2: L-record-2 | N2: N-record-2
A3: A-record-3 | B3: B-record-3 | C3: C-record-3 | D3: D-record-3 | H3: H-record-3 | J3: J-record-3 | L3: L-record-3 | N3: N-record-3
A4: A-record-4 | B4: B-record-4 | C4: C-record-4 | D4: D-record-4 | H4: H-record-4 | J4: J-record-4 | L4: L-record-4 | N4: N-record-4
A5: A-record-5 | B5: B-record-5 | C5: C-record-5 | D5: D-record-5 | E5: =CONCATENATE(A5,A5,C6,D5) | H5: H-record-5 | J5: J-record-5 | L5: L-record-5 | N5: N-record-5
A6: A-record-6 | B6: B-record-6 | C6: C-record-6 | D6: D-record-6 | E6: =CONCATENATE(A6,A6,C7,D6) | H6: H-record-6 | J6: J-record-6 | L6: L-record-6 | N6: N-record-6
A7: A-record-7 | B7: B-record-7 | C7: C-record-7 | D7: D-record-7 | E7: =CONCATENATE(A7,A7,C8,D7) | H7: H-record-7 | J7: J-record-7 | L7: L-record-7 | N7: N-record-7
A8: A-record-8 | B8: B-record-8 | C8: C-record-8 | D8: D-record-8 | E8: =CONCATENATE(A8,A8,C9,D8) | H8: H-record-8 | J8: J-record-8 | L8: L-record-8 | N8: N-record-8
A9: A-record-9 | B9: B-record-9 | C9: C-record-9 | D9: D-record-9 | E9: =CONCATENATE(A9,A9,C10,D9) | H9: H-record-9 | J9: J-record-9 | L9: L-record-9 | N9: N-record-9
A10: A-record-10 | B10: B-record-10 | C10: C-record-10 | D10: D-record-10 | E10: =CONCATENATE(A10,A10,C11,D10) | H10: H-record-10 | J10: J-record-10 | L10: L-record-10 | N10: N-record-10
A11: A-record-11 | B11: B-record-11 | C11: C-record-11 | D11: D-record-11 | E11: =CONCATENATE(A11,A11,C12,D11) | H11: H-record-11 | J11: J-record-11 | L11: L-record-11 | N11: N-record-11
A12: A-record-12 | B12: B-record-12 | C12: C-record-12 | D12: D-record-12 | E12: =CONCATENATE(A12,A12,C13,D12) | H12: H-record-12 | J12: J-record-12 | L12: L-record-12 | N12: N-record-12
A13: A-record-13 | B13: B-record-13 | C13: C-record-13 | D13: D-record-13 | E13: =CONCATENATE(A13,A13,C14,D13) | H13: H-record-13 | J13: J-record-13 | L13: L-record-13 | N13: N-record-13
A14: A-record-14 | B14: B-record-14 | C14: C-record-14 | D14: D-record-14 | E14: =CONCATENATE(A14,A14,C15,D14) | H14: H-record-14 | J14: J-record-14 | L14: L-record-14 | N14: N-record-14
A15: A-record-15 | B15: B-record-15 | C15: C-record-15 | D15: D-record-15 | E15: =CONCATENATE(A15,A15,C16,D15) | H15: H-record-15 | J15: J-record-15 | L15: L-record-15 | N15: N-record-15
A16: A-record-16 | B16: B-record-16 | C16: C-record-16 | D16: D-record-16 | E16: =CONCATENATE(A16,A16,C17,D16) | H16: H-record-16 | J16: J-record-16 | L16: L-record-16 | N16: N-record-16
A17: A-record-17 | B17: B-record-17 | C17: C-record-17 | D17: D-record-17 | H17: H-record-17 | J17: J-record-17 | L17: L-record-17 | N17: N-record-17
A18: A-record-18 | B18: B-record-18 | C18: C-record-18 | D18: D-record-18 | H18: H-record-18 | J18: J-record-18 | L18: L-record-18 | N18: N-record-18

Sheet two_dissent
A1: A-record-1 | B1: B-record-1 | C1: C-record-1 | D1: D-record-1 | H1: H-record-1 | J1: J-record-1 | L1: L-record-1 | N1: N-record-1
A2: A-record-2 | B2: B-record-2 | C2: C-record-2 | D2: D-record-2 | H2: H-record-2 | J2: J-record-2 | L2: L-record-2 | N2: N-record-2
A3: A-record-3 | B3: B-record-3 | C3: C-record-3 | D3: D-record-3 | H3: H-record-3 | J3: J-record-3 | L3: L-record-3 | N3: N-record-3
A4: A-record-4 | B4: B-record-4 | C4: C-record-4 | D4: D-record-4 | H4: H-record-4 | J4: J-record-4 | L4: L-record-4 | N4: N-record-4
A5: A-record-5 | B5: B-record-5 | C5: C-record-5 | D5: D-record-5 | E5: =CONCATENATE(A5,B5,C6,D6) | H5: H-record-5 | J5: J-record-5 | L5: L-record-5 | N5: N-record-5
A6: A-record-6 | B6: B-record-6 | C6: C-record-6 | D6: D-record-6 | E6: =CONCATENATE(A6,B6,C7,D7) | H6: H-record-6 | J6: J-record-6 | L6: L-record-6 | N6: N-record-6
A7: A-record-7 | B7: B-record-7 | C7: C-record-7 | D7: D-record-7 | E7: =CONCATENATE(A7,B7,C8,D8) | H7: H-record-7 | J7: J-record-7 | L7: L-record-7 | N7: N-record-7
A8: A-record-8 | B8: B-record-8 | C8: C-record-8 | D8: D-record-8 | E8: =CONCATENATE(A8,B8,C9,D9) | H8: H-record-8 | J8: J-record-8 | L8: L-record-8 | N8: N-record-8
A9: A-record-9 | B9: B-record-9 | C9: C-record-9 | D9: D-record-9 | E9: =CONCATENATE(A9,B9,C10,D10) | H9: H-record-9 | J9: J-record-9 | L9: L-record-9 | N9: N-record-9
A10: A-record-10 | B10: B-record-10 | C10: C-record-10 | D10: D-record-10 | E10: =CONCATENATE(A10,B10,C11,D11) | H10: H-record-10 | J10: J-record-10 | L10: L-record-10 | N10: N-record-10
A11: A-record-11 | B11: B-record-11 | C11: C-record-11 | D11: D-record-11 | E11: =CONCATENATE(A11,B11,C12,D12) | H11: H-record-11 | J11: J-record-11 | L11: L-record-11 | N11: N-record-11
A12: A-record-12 | B12: B-record-12 | C12: C-record-12 | D12: D-record-12 | E12: =CONCATENATE(A12,B12,C13,D13) | H12: H-record-12 | J12: J-record-12 | L12: L-record-12 | N12: N-record-12
A13: A-record-13 | B13: B-record-13 | C13: C-record-13 | D13: D-record-13 | E13: =CONCATENATE(A13,B13,C14,D14) | H13: H-record-13 | J13: J-record-13 | L13: L-record-13 | N13: N-record-13
A14: A-record-14 | B14: B-record-14 | C14: C-record-14 | D14: D-record-14 | E14: =CONCATENATE(A14,B14,C15,D15) | H14: H-record-14 | J14: J-record-14 | L14: L-record-14 | N14: N-record-14
A15: A-record-15 | B15: B-record-15 | C15: C-record-15 | D15: D-record-15 | E15: =CONCATENATE(A15,B15,C16,D16) | H15: H-record-15 | J15: J-record-15 | L15: L-record-15 | N15: N-record-15
A16: A-record-16 | B16: B-record-16 | C16: C-record-16 | D16: D-record-16 | E16: =CONCATENATE(A16,B16,C17,D17) | H16: H-record-16 | J16: J-record-16 | L16: L-record-16 | N16: N-record-16
A17: A-record-17 | B17: B-record-17 | C17: C-record-17 | D17: D-record-17 | H17: H-record-17 | J17: J-record-17 | L17: L-record-17 | N17: N-record-17
A18: A-record-18 | B18: B-record-18 | C18: C-record-18 | D18: D-record-18 | H18: H-record-18 | J18: J-record-18 | L18: L-record-18 | N18: N-record-18
