Workbook

Sheet Cases
A1: rate=0;type=0;fv=0;pmt | B1: =PMT(0,12,1000,0,0)
A2: rate=0;type=0;fv=0;ppmt=1 | B2: =PPMT(0,1,12,1000,0,0)
A3: rate=0;type=0;fv=0;ppmt=6 | B3: =PPMT(0,6,12,1000,0,0)
A4: rate=0;type=0;fv=0;ppmt=12 | B4: =PPMT(0,12,12,1000,0,0)
A5: rate=0;type=0;fv=200;pmt | B5: =PMT(0,12,1000,200,0)
A6: rate=0;type=0;fv=200;ppmt=1 | B6: =PPMT(0,1,12,1000,200,0)
A7: rate=0;type=0;fv=200;ppmt=6 | B7: =PPMT(0,6,12,1000,200,0)
A8: rate=0;type=0;fv=200;ppmt=12 | B8: =PPMT(0,12,12,1000,200,0)
A9: rate=0;type=1;fv=0;pmt | B9: =PMT(0,12,1000,0,1)
A10: rate=0;type=1;fv=0;ppmt=1 | B10: =PPMT(0,1,12,1000,0,1)
A11: rate=0;type=1;fv=0;ppmt=6 | B11: =PPMT(0,6,12,1000,0,1)
A12: rate=0;type=1;fv=0;ppmt=12 | B12: =PPMT(0,12,12,1000,0,1)
A13: rate=0;type=1;fv=200;pmt | B13: =PMT(0,12,1000,200,1)
A14: rate=0;type=1;fv=200;ppmt=1 | B14: =PPMT(0,1,12,1000,200,1)
A15: rate=0;type=1;fv=200;ppmt=6 | B15: =PPMT(0,6,12,1000,200,1)
A16: rate=0;type=1;fv=200;ppmt=12 | B16: =PPMT(0,12,12,1000,200,1)
A17: rate=0.05;type=0;fv=0;pmt | B17: =PMT(0.05,12,1000,0,0)
A18: rate=0.05;type=0;fv=0;ppmt=1 | B18: =PPMT(0.05,1,12,1000,0,0)
A19: rate=0.05;type=0;fv=0;ppmt=6 | B19: =PPMT(0.05,6,12,1000,0,0)
A20: rate=0.05;type=0;fv=0;ppmt=12 | B20: =PPMT(0.05,12,12,1000,0,0)
A21: rate=0.05;type=0;fv=200;pmt | B21: =PMT(0.05,12,1000,200,0)
A22: rate=0.05;type=0;fv=200;ppmt=1 | B22: =PPMT(0.05,1,12,1000,200,0)
A23: rate=0.05;type=0;fv=200;ppmt=6 | B23: =PPMT(0.05,6,12,1000,200,0)
A24: rate=0.05;type=0;fv=200;ppmt=12 | B24: =PPMT(0.05,12,12,1000,200,0)
A25: rate=0.05;type=1;fv=0;pmt | B25: =PMT(0.05,12,1000,0,1)
A26: rate=0.05;type=1;fv=0;ppmt=1 | B26: =PPMT(0.05,1,12,1000,0,1)
A27: rate=0.05;type=1;fv=0;ppmt=6 | B27: =PPMT(0.05,6,12,1000,0,1)
A28: rate=0.05;type=1;fv=0;ppmt=12 | B28: =PPMT(0.05,12,12,1000,0,1)
A29: rate=0.05;type=1;fv=200;pmt | B29: =PMT(0.05,12,1000,200,1)
A30: rate=0.05;type=1;fv=200;ppmt=1 | B30: =PPMT(0.05,1,12,1000,200,1)
A31: rate=0.05;type=1;fv=200;ppmt=6 | B31: =PPMT(0.05,6,12,1000,200,1)
A32: rate=0.05;type=1;fv=200;ppmt=12 | B32: =PPMT(0.05,12,12,1000,200,1)
A33: rate=-0.02;type=0;fv=0;pmt | B33: =PMT(-0.02,12,1000,0,0)
A34: rate=-0.02;type=0;fv=0;ppmt=1 | B34: =PPMT(-0.02,1,12,1000,0,0)
A35: rate=-0.02;type=0;fv=0;ppmt=6 | B35: =PPMT(-0.02,6,12,1000,0,0)
A36: rate=-0.02;type=0;fv=0;ppmt=12 | B36: =PPMT(-0.02,12,12,1000,0,0)
A37: rate=-0.02;type=0;fv=200;pmt | B37: =PMT(-0.02,12,1000,200,0)
A38: rate=-0.02;type=0;fv=200;ppmt=1 | B38: =PPMT(-0.02,1,12,1000,200,0)
A39: rate=-0.02;type=0;fv=200;ppmt=6 | B39: =PPMT(-0.02,6,12,1000,200,0)
A40: rate=-0.02;type=0;fv=200;ppmt=12 | B40: =PPMT(-0.02,12,12,1000,200,0)
A41: rate=-0.02;type=1;fv=0;pmt | B41: =PMT(-0.02,12,1000,0,1)
A42: rate=-0.02;type=1;fv=0;ppmt=1 | B42: =PPMT(-0.02,1,12,1000,0,1)
A43: rate=-0.02;type=1;fv=0;ppmt=6 | B43: =PPMT(-0.02,6,12,1000,0,1)
A44: rate=-0.02;type=1;fv=0;ppmt=12 | B44: =PPMT(-0.02,12,12,1000,0,1)
A45: rate=-0.02;type=1;fv=200;pmt | B45: =PMT(-0.02,12,1000,200,1)
A46: rate=-0.02;type=1;fv=200;ppmt=1 | B46: =PPMT(-0.02,1,12,1000,200,1)
A47: rate=-0.02;type=1;fv=200;ppmt=6 | B47: =PPMT(-0.02,6,12,1000,200,1)
A48: rate=-0.02;type=1;fv=200;ppmt=12 | B48: =PPMT(-0.02,12,12,1000,200,1)
A49: rate=0.000000000001;type=0;fv=0;pmt | B49: =PMT(0.000000000001,12,1000,0,0)
A50: rate=0.000000000001;type=0;fv=0;ppmt=1 | B50: =PPMT(0.000000000001,1,12,1000,0,0)
A51: rate=0.000000000001;type=0;fv=0;ppmt=6 | B51: =PPMT(0.000000000001,6,12,1000,0,0)
A52: rate=0.000000000001;type=0;fv=0;ppmt=12 | B52: =PPMT(0.000000000001,12,12,1000,0,0)
A53: rate=0.000000000001;type=0;fv=200;pmt | B53: =PMT(0.000000000001,12,1000,200,0)
A54: rate=0.000000000001;type=0;fv=200;ppmt=1 | B54: =PPMT(0.000000000001,1,12,1000,200,0)
A55: rate=0.000000000001;type=0;fv=200;ppmt=6 | B55: =PPMT(0.000000000001,6,12,1000,200,0)
A56: rate=0.000000000001;type=0;fv=200;ppmt=12 | B56: =PPMT(0.000000000001,12,12,1000,200,0)
A57: rate=0.000000000001;type=1;fv=0;pmt | B57: =PMT(0.000000000001,12,1000,0,1)
A58: rate=0.000000000001;type=1;fv=0;ppmt=1 | B58: =PPMT(0.000000000001,1,12,1000,0,1)
A59: rate=0.000000000001;type=1;fv=0;ppmt=6 | B59: =PPMT(0.000000000001,6,12,1000,0,1)
A60: rate=0.000000000001;type=1;fv=0;ppmt=12 | B60: =PPMT(0.000000000001,12,12,1000,0,1)
A61: rate=0.000000000001;type=1;fv=200;pmt | B61: =PMT(0.000000000001,12,1000,200,1)
A62: rate=0.000000000001;type=1;fv=200;ppmt=1 | B62: =PPMT(0.000000000001,1,12,1000,200,1)
A63: rate=0.000000000001;type=1;fv=200;ppmt=6 | B63: =PPMT(0.000000000001,6,12,1000,200,1)
A64: rate=0.000000000001;type=1;fv=200;ppmt=12 | B64: =PPMT(0.000000000001,12,12,1000,200,1)
A65: principal_sum;type=0 | B65: =SUM(PPMT(0.05,1,12,1000,0,0),PPMT(0.05,2,12,1000,0,0),PPMT(0.05,3,12,1000,0,0),PPMT(0.05,4,12,1000,0,0),PPMT(0.05,5,12,1000,0,0),PPMT(0.05,6,12,1000,0,0),PPMT(0.05,7,12,1000,0,0),PPMT(0.05,8,12,1000,0,0),PPMT(0.05,9,12,1000,0,0),PPMT(0.05,10,12,1000,0,0),PPMT(0.05,11,12,1000,0,0),PPMT(0.05,12,12,1000,0,0))
A66: principal_sum;type=1 | B66: =SUM(PPMT(0.05,1,12,1000,0,1),PPMT(0.05,2,12,1000,0,1),PPMT(0.05,3,12,1000,0,1),PPMT(0.05,4,12,1000,0,1),PPMT(0.05,5,12,1000,0,1),PPMT(0.05,6,12,1000,0,1),PPMT(0.05,7,12,1000,0,1),PPMT(0.05,8,12,1000,0,1),PPMT(0.05,9,12,1000,0,1),PPMT(0.05,10,12,1000,0,1),PPMT(0.05,11,12,1000,0,1),PPMT(0.05,12,12,1000,0,1))
A67: index_horizontal | B67: =INDEX('Input data'!A1:B1,2)
A68: index_vertical | B68: =INDEX('Input data'!A1:A2,2)
A69: index_2d | B69: =INDEX('Input data'!A1:B2,2,2)
A70: index_computed_position | B70: =INDEX('Input data'!A1:B1,'Input data'!C1)
A71: index_lazy_error | B71: =INDEX('Input data'!A5:B5,2)
A72: index_blank | B72: =INDEX('Input data'!A4:B4,1)
A73: index_out_of_range | B73: =INDEX('Input data'!A1:B1,3)
A74: index_zero_unsupported | B74: =INDEX('Input data'!A1:B1,0)
A75: index_fraction_unsupported | B75: =INDEX('Input data'!A1:B1,1.5)
A76: index_array_unsupported | B76: =INDEX('Input data'!A1:B2,1)
A77: lazy_if | B77: =IF(1,12,1/0)
A78: lazy_false_if | B78: =IF(0,1/0,12)
A79: if_error | B79: =IF('Input data'!A5,12,13)
A80: if_omitted_false | B80: =IF(0,12)
A81: range_sum_ignore_types | B81: =SUM('Input data'!A1:B4)
A82: range_max_ignore_types | B82: =MAX('Input data'!A1:B4)
A83: range_min_ignore_types | B83: =MIN('Input data'!A1:B4)
A84: reference_sum_ignore_types | B84: =SUM('Input data'!A3,'Input data'!B3)
A85: range_error | B85: =SUM('Input data'!A1:A5)
A86: tiny_denominator | B86: =1/0.00000000000001
A87: zero_denominator | B87: =1/0
A88: negative_fractional_power | B88: =(-1)^0.5
A89: numeric_comparison | B89: =10>20
A90: text_numeric_unsupported | B90: ='Input data'!A3+1
A91: unknown_function_inactive | B91: =IF(1,12,SQRT(9))
A92: chained_power_unsupported | B92: =2^3^2
A93: financial_invalid_period | B93: =PPMT(0.05,13,12,1000)
A94: financial_fractional_period | B94: =PPMT(0.05,1.5,12,1000)
A95: financial_rate_minus_one | B95: =PMT(-1,12,1000)
A96: inactive_circular | B96: =IF(1,12,B96)

Sheet Input data
A1: 10 | B1: 20 | C1: 2
A2: 30 | B2: 40
A3: 123 | B3: TRUE
A5: =1/0 | B5: =12
